id_item,id_frente,data_referencia,contrato,programa,nucleo,equipe,logradouro,item_original,item_normalizado,categoria_item,tipo_registro,quantidade,unidade,material,especificacao,complemento,observacao_item,arquivo_origem,mensagem_origem,data,municipio,nucleo_detectado_texto,municipio_detectado_texto,nucleo_oficial,municipio_oficial,nucleo_status_cadastro,servico_bruto,servico_normalizado,servico_oficial,categoria,regra_disparada,municipio_conflitante_sem_cadastro
I0001,F001,04/03/2026,Oeste 1,Água Legal,Mississipi,Carlos,Viela Seis,Prolongamento rede água,Prolongamento de rede de água,rede_agua,servico,25,m,PEAD,Ø63,,,entrada_interface.txt,Prolongamento rede água (PEAD Ø63): 25 m,,Barueri,Mississipi,Barueri,Mississipi,Barueri,cadastrado,,,,,,
I0002,F002,04/03/2026,Oeste 1,Água Legal,Mississipi,Xavier,Viela 2,Ramais água,Execução de ramais de água,ramal_agua,servico,5,un,,,,,entrada_interface.txt,Ramais água: 5,,Barueri,Mississipi,Barueri,Mississipi,Barueri,cadastrado,,,,,,
I0003,F002,04/03/2026,Oeste 1,Água Legal,Mississipi,Xavier,Viela 2,Prolongamento rede água,Prolongamento de rede de água,rede_agua,servico,21,m,PEAD,Ø63,,,entrada_interface.txt,Prolongamento rede água (PEAD Ø63): 21 m,,Barueri,Mississipi,Barueri,Mississipi,Barueri,cadastrado,,,,,,
I0004,F003,04/03/2026,Oeste 1,Água Legal,Mississipi,Weslyn,Viela Orinoco,Ramais água,Execução de ramais de água,ramal_agua,servico,11,un,,,,,entrada_interface.txt,Ramais água: 11,,Barueri,Mississipi,Barueri,Mississipi,Barueri,cadastrado,,,,,,
I0005,F003,04/03/2026,Oeste 1,Água Legal,Mississipi,Weslyn,Viela Orinoco,Interligação,Execução de interligação de rede,interligacao,servico,1,un,,Ø63,1 (Ø63 x Ø32),,entrada_interface.txt,Interligação: 1 (Ø63 x Ø32),,Barueri,Mississipi,Barueri,Mississipi,Barueri,cadastrado,,,,,,
I0006,F003,04/03/2026,Oeste 1,Água Legal,Mississipi,Weslyn,Viela Orinoco,Prolongamento rede água,Prolongamento de rede de água,rede_agua,servico,7,m,PEAD,Ø32,,,entrada_interface.txt,Prolongamento rede água (PEAD Ø32): 7 m,,Barueri,Mississipi,Barueri,Mississipi,Barueri,cadastrado,,,,,,
I0007,F004,04/03/2026,Oeste 1,Água Legal,Cerejas,Reggis,Tv. das Cerejas,Intradomiciliares,Ligações intradomiciliares,intradomiciliar,servico,7,un,,,,,entrada_interface.txt,Intradomiciliares: 7,,Jandira,Cerejas,Jandira,Cerejas,Jandira,cadastrado,,,,,,
I0008,F004,04/03/2026,Oeste 1,Água Legal,Cerejas,Reggis,Tv. das Cerejas,Hidrômetros instalados,Instalação de hidrômetros,hidrometro,servico,7,un,,,,,entrada_interface.txt,Hidrômetros instalados: 7,,Jandira,Cerejas,Jandira,Cerejas,Jandira,cadastrado,,,,,,
I0009,F005,04/03/2026,Oeste 1,Água Legal,Cerejas,Sidney,Tv. das Cerejas / Tv. Haitiana,Ramais água,Execução de ramais de água,ramal_agua,servico,9,un,,,,,entrada_interface.txt,Ramais água: 9,,Jandira,Cerejas,Jandira,Cerejas,Jandira,cadastrado,,,,,,
I0010,F006,04/03/2026,Oeste 1,Água Legal,Cerejas,Amadeu,Travessa da Bete / Rua Dezesseis,Caixas UMA instaladas,Instalação de caixas UMA,caixa_uma,servico,2,un,,mureta,,com mureta,entrada_interface.txt,Caixas UMA instaladas (mureta): 2,,Jandira,Cerejas,Jandira,Cerejas,Jandira,cadastrado,,,,,,
I0011,F007,04/03/2026,Oeste 1,Água Legal,Vila Dirce,Ezequiel,Recomposição Asfáltica,Recomposição de valas,Recomposição de valas,recomposicao,servico,11,un,,,,,entrada_interface.txt,Recomposição de valas: 11,,Carapicuíba,Vila Dirce,Carapicuíba,Vila Dirce,Carapicuíba,cadastrado,,,,,,
I0001,F001,03/03/2026,Oeste 1,Água Legal,Santa Terezinha,Reggis,Av. Dep. Emílio Carlos / Travessa Haitiana,Intradomiciliares,Ligações intradomiciliares,intradomiciliar,servico,3,un,,,,,entrada_interface.txt,Intradomiciliares: 3,,Carapicuíba,Santa Terezinha,Carapicuíba,Santa Terezinha,Carapicuíba,cadastrado,,,,,,
I0002,F001,03/03/2026,Oeste 1,Água Legal,Santa Terezinha,Reggis,Av. Dep. Emílio Carlos / Travessa Haitiana,Hidrômetros instalados,Instalação de hidrômetros,hidrometro,servico,2,un,,,,,entrada_interface.txt,Hidrômetros instalados: 2,,Carapicuíba,Santa Terezinha,Carapicuíba,Santa Terezinha,Carapicuíba,cadastrado,,,,,,
I0003,F002,03/03/2026,Oeste 1,Água Legal,José Bonifácio,Sidomar,"Rua José Bonifácio / Rua Brigadeiro Tobias, nº 159",Intradomiciliares,Ligações intradomiciliares,intradomiciliar,servico,1,un,,,,,entrada_interface.txt,Intradomiciliares: 1,,Jandira,José Bonifácio,Jandira,José Bonifácio,Jandira,cadastrado,,,,,,
I0004,F002,03/03/2026,Oeste 1,Água Legal,José Bonifácio,Sidomar,"Rua José Bonifácio / Rua Brigadeiro Tobias, nº 159",Hidrômetros instalados,Instalação de hidrômetros,hidrometro,servico,1,un,,,,,entrada_interface.txt,Hidrômetros instalados: 1,,Jandira,José Bonifácio,Jandira,José Bonifácio,Jandira,cadastrado,,,,,,
I0005,F002,03/03/2026,Oeste 1,Água Legal,José Bonifácio,Sidomar,"Rua José Bonifácio / Rua Brigadeiro Tobias, nº 159",Caixas UMA instaladas,Instalação de caixas UMA,caixa_uma,servico,1,un,,,,,entrada_interface.txt,Caixas UMA instaladas: 1,,Jandira,José Bonifácio,Jandira,José Bonifácio,Jandira,cadastrado,,,,,,
I0006,F003,03/03/2026,Oeste 1,Água Legal,Mississipi,Xavier,Viela 2,Ramais água,Execução de ramais de água,ramal_agua,servico,7,un,,,,,entrada_interface.txt,Ramais água: 7,,Barueri,Mississipi,Barueri,Mississipi,Barueri,cadastrado,,,,,,
I0007,F003,03/03/2026,Oeste 1,Água Legal,Mississipi,Xavier,Viela 2,Prolongamento rede água,Prolongamento de rede de água,rede_agua,servico,16,m,PEAD,Ø63,,,entrada_interface.txt,Prolongamento rede água (PEAD Ø63): 16 m,,Barueri,Mississipi,Barueri,Mississipi,Barueri,cadastrado,,,,,,
I0008,F004,03/03/2026,Oeste 1,Água Legal,Mississipi,Weslyn,Viela 7,Ramais água,Execução de ramais de água,ramal_agua,servico,15,un,,,,,entrada_interface.txt,Ramais água: 15,,Barueri,Mississipi,Barueri,Mississipi,Barueri,cadastrado,,,,,,
I0009,F005,03/03/2026,Oeste 1,Água Legal,Mississipi,Carlos,Viela 6 / Viela 7,Interligação Ø63 x Ø63,Execução de interligação de rede Ø63 x Ø63,interligacao,servico,1,un,,,,,entrada_interface.txt,Interligação Ø63 x Ø63: 1,,Barueri,Mississipi,Barueri,Mississipi,Barueri,cadastrado,,,,,,
I0010,F005,03/03/2026,Oeste 1,Água Legal,Mississipi,Carlos,Viela 6 / Viela 7,Prolongamento rede,Prolongamento de rede,rede_agua,servico,29,m,,Ø63,,,entrada_interface.txt,Prolongamento rede (Ø63): 29 m,,Barueri,Mississipi,Barueri,Mississipi,Barueri,cadastrado,,,,,,
I0011,F006,03/03/2026,Oeste 1,Água Legal,Santa Terezinha,Ezequiel,Recomposição Asfáltica,Recomposição de valas,Recomposição de valas,recomposicao,servico,10,vala,,,10 valas recompostas (Av. Dep. Emílio Carlos),,entrada_interface.txt,10 valas recompostas (Av. Dep. Emílio Carlos),,Carapicuíba,Santa Terezinha,Carapicuíba,Santa Terezinha,Carapicuíba,cadastrado,,,,,,
I0001,F001,09/03/2026,Oeste 1,Água Legal,Santa Terezinha,Sidney,Av. Deputado Emílio Carlos,Capeamento de rede,Capeamento de rede,capeamento,servico,1,servico,PVC,Ø100,executado,,consolidado_2026_03_09.txt,Capeamento de rede PVC Ø100: 1 serviço executado,,Carapicuíba,Santa Terezinha,Carapicuíba,Santa Terezinha,Carapicuíba,cadastrado,,,,,,
I0002,F001,09/03/2026,Oeste 1,Água Legal,Santa Terezinha,Sidney,Av. Deputado Emílio Carlos,Caps utilizados,Caps utilizados,insumo,insumo,2,un,,,,,consolidado_2026_03_09.txt,Caps utilizados: 2,,Carapicuíba,Santa Terezinha,Carapicuíba,Santa Terezinha,Carapicuíba,cadastrado,,,,,,
I0003,F001,09/03/2026,Oeste 1,Água Legal,Santa Terezinha,Sidney,Av. Deputado Emílio Carlos,Concretagem de vala realizada,Concretagem de vala,acabamento,servico,1,servico,,,,,consolidado_2026_03_09.txt,Concretagem de vala realizada,,Carapicuíba,Santa Terezinha,Carapicuíba,Santa Terezinha,Carapicuíba,cadastrado,,,,,,
I0004,F003,09/03/2026,Oeste 1,Água Legal,Mississipi,Weslyn,Viela Mississipi,Corte de pavimento com serra clip para troca de trecho da rede de esgoto,Corte de pavimento com serra clip,apoio_operacional,apoio_operacional,1,servico,,,,,consolidado_2026_03_09.txt,Corte de pavimento com serra clip para troca de trecho da rede de esgoto.,,Barueri,Mississipi,Barueri,Mississipi,Barueri,cadastrado,,,,,,
I0005,F004,09/03/2026,Oeste 1,Água Legal,Cerejas,Reggis,Tv. Haitiana / Tv. do Bala / Tv. do Bete,Intradomiciliares,Ligações intradomiciliares,intradomiciliar,servico,6,un,,,,,consolidado_2026_03_09.txt,Intradomiciliares: 6,,Jandira,Cerejas,Jandira,Cerejas,Jandira,cadastrado,,,,,,
I0006,F004,09/03/2026,Oeste 1,Água Legal,Cerejas,Reggis,Tv. Haitiana / Tv. do Bala / Tv. do Bete,Hidrômetros instalados,Instalação de hidrômetros,hidrometro,servico,6,un,,,,,consolidado_2026_03_09.txt,Hidrômetros instalados: 6,,Jandira,Cerejas,Jandira,Cerejas,Jandira,cadastrado,,,,,,
I0007,F005,09/03/2026,Oeste 1,Água Legal,Cerejas,Amadeu,Travessa Haitiana / Rua Dezesseis,Caixas UMA instaladas,Instalação de caixas UMA,caixa_uma,servico,1,un,,,,,consolidado_2026_03_09.txt,Caixas UMA instaladas: 1,,Jandira,Cerejas,Jandira,Cerejas,Jandira,cadastrado,,,,,,
I0008,F006,09/03/2026,Oeste 1,Água Legal,Vila Dirce,Ezequiel,Recomposição Asfáltica,Recomposição de valas,Recomposição de valas,recomposicao,servico,3,un,,,,,consolidado_2026_03_09.txt,Recomposição de valas: 3,,Carapicuíba,Vila Dirce,Carapicuíba,Vila Dirce,Carapicuíba,cadastrado,,,,,,
I0001,F001,03/03/2026,Oeste 1,Água Legal,Santa Terezinha,Reggis,Av. Dep. Emílio Carlos / Travessa Haitiana,Intradomiciliares,Ligações intradomiciliares,intradomiciliar,servico,3,un,,,,,consolidado_2026_03_03.txt,Intradomiciliares: 3,,Carapicuíba,Santa Terezinha,Carapicuíba,Santa Terezinha,Carapicuíba,cadastrado,,,,,,
I0002,F001,03/03/2026,Oeste 1,Água Legal,Santa Terezinha,Reggis,Av. Dep. Emílio Carlos / Travessa Haitiana,Hidrômetros instalados,Instalação de hidrômetros,hidrometro,servico,2,un,,,,,consolidado_2026_03_03.txt,Hidrômetros instalados: 2,,Carapicuíba,Santa Terezinha,Carapicuíba,Santa Terezinha,Carapicuíba,cadastrado,,,,,,
I0003,F002,03/03/2026,Oeste 1,Água Legal,José Bonifácio,Sidomar,"Rua José Bonifácio / Rua Brigadeiro Tobias, nº 159",Intradomiciliares,Ligações intradomiciliares,intradomiciliar,servico,1,un,,,,,consolidado_2026_03_03.txt,Intradomiciliares: 1,,Jandira,José Bonifácio,Jandira,José Bonifácio,Jandira,cadastrado,,,,,,
I0004,F002,03/03/2026,Oeste 1,Água Legal,José Bonifácio,Sidomar,"Rua José Bonifácio / Rua Brigadeiro Tobias, nº 159",Hidrômetros instalados,Instalação de hidrômetros,hidrometro,servico,1,un,,,,,consolidado_2026_03_03.txt,Hidrômetros instalados: 1,,Jandira,José Bonifácio,Jandira,José Bonifácio,Jandira,cadastrado,,,,,,
I0005,F002,03/03/2026,Oeste 1,Água Legal,José Bonifácio,Sidomar,"Rua José Bonifácio / Rua Brigadeiro Tobias, nº 159",Caixas UMA instaladas,Instalação de caixas UMA,caixa_uma,servico,1,un,,,,,consolidado_2026_03_03.txt,Caixas UMA instaladas: 1,,Jandira,José Bonifácio,Jandira,José Bonifácio,Jandira,cadastrado,,,,,,
I0006,F003,03/03/2026,Oeste 1,Água Legal,Mississipi,Xavier,Viela 2,Ramais água,Execução de ramais de água,ramal_agua,servico,7,un,,,,,consolidado_2026_03_03.txt,Ramais água: 7,,Barueri,Mississipi,Barueri,Mississipi,Barueri,cadastrado,,,,,,
I0007,F003,03/03/2026,Oeste 1,Água Legal,Mississipi,Xavier,Viela 2,Prolongamento rede água,Prolongamento de rede de água,rede_agua,servico,16,m,PEAD,Ø63,,,consolidado_2026_03_03.txt,Prolongamento rede água (PEAD Ø63): 16 m,,Barueri,Mississipi,Barueri,Mississipi,Barueri,cadastrado,,,,,,
I0008,F004,03/03/2026,Oeste 1,Água Legal,Mississipi,Weslyn,Viela 7,Ramais água,Execução de ramais de água,ramal_agua,servico,15,un,,,,,consolidado_2026_03_03.txt,Ramais água: 15,,Barueri,Mississipi,Barueri,Mississipi,Barueri,cadastrado,,,,,,
I0009,F005,03/03/2026,Oeste 1,Água Legal,Mississipi,Carlos,Viela 6 / Viela 7,Interligação Ø63 x Ø63,Execução de interligação de rede Ø63 x Ø63,interligacao,servico,1,un,,,,,consolidado_2026_03_03.txt,Interligação Ø63 x Ø63: 1,,Barueri,Mississipi,Barueri,Mississipi,Barueri,cadastrado,,,,,,
I0010,F005,03/03/2026,Oeste 1,Água Legal,Mississipi,Carlos,Viela 6 / Viela 7,Prolongamento rede,Prolongamento de rede,rede_agua,servico,29,m,,Ø63,,,consolidado_2026_03_03.txt,Prolongamento rede (Ø63): 29 m,,Barueri,Mississipi,Barueri,Mississipi,Barueri,cadastrado,,,,,,
I0011,F006,03/03/2026,Oeste 1,Água Legal,Santa Terezinha,Ezequiel,Recomposição Asfáltica,Recomposição de valas,Recomposição de valas,recomposicao,servico,10,vala,,,10 valas recompostas (Av. Dep. Emílio Carlos),,consolidado_2026_03_03.txt,10 valas recompostas (Av. Dep. Emílio Carlos),,Carapicuíba,Santa Terezinha,Carapicuíba,Santa Terezinha,Carapicuíba,cadastrado,,,,,,
I0001,F001,09/03/2026,Oeste 1,Água Legal,Santa Terezinha,Sidney,Av. Deputado Emílio Carlos,Capeamento de rede,Capeamento de rede,capeamento,servico,1,servico,PVC,Ø100,executado,,mensagem_web_20260311_191839.txt,Capeamento de rede PVC Ø100: 1 serviço executado,09/03/2026,Carapicuíba,Santa Terezinha,Carapicuíba,Santa Terezinha,Carapicuíba,cadastrado,,,,,,
I0002,F001,09/03/2026,Oeste 1,Água Legal,Santa Terezinha,Sidney,Av. Deputado Emílio Carlos,Caps utilizados,Caps utilizados,insumo,insumo,2,un,,,,,mensagem_web_20260311_191839.txt,Caps utilizados: 2,09/03/2026,Carapicuíba,Santa Terezinha,Carapicuíba,Santa Terezinha,Carapicuíba,cadastrado,,,,,,
I0003,F001,09/03/2026,Oeste 1,Água Legal,Santa Terezinha,Sidney,Av. Deputado Emílio Carlos,Concretagem de vala realizada,Concretagem de vala,acabamento,servico,1,servico,,,,,mensagem_web_20260311_191839.txt,Concretagem de vala realizada,09/03/2026,Carapicuíba,Santa Terezinha,Carapicuíba,Santa Terezinha,Carapicuíba,cadastrado,,,,,,
I0004,F003,09/03/2026,Oeste 1,Água Legal,Santa Terezinha,Sidney,Av. Deputado Emílio Carlos,Corte de pavimento com serra clip para troca de trecho da rede de esgoto,Corte de pavimento com serra clip,apoio_operacional,apoio_operacional,1,servico,,,,,mensagem_web_20260311_191839.txt,Corte de pavimento com serra clip para troca de trecho da rede de esgoto.,09/03/2026,Carapicuíba,Santa Terezinha,Carapicuíba,Santa Terezinha,Carapicuíba,cadastrado,,,,,,
I0005,F004,09/03/2026,Oeste 1,Água Legal,Santa Terezinha,Sidney,Av. Deputado Emílio Carlos,Intradomiciliares,Ligações intradomiciliares,intradomiciliar,servico,6,un,,,,,mensagem_web_20260311_191839.txt,Intradomiciliares: 6,09/03/2026,Carapicuíba,Santa Terezinha,Carapicuíba,Santa Terezinha,Carapicuíba,cadastrado,,,,,,
I0006,F004,09/03/2026,Oeste 1,Água Legal,Santa Terezinha,Sidney,Av. Deputado Emílio Carlos,Hidrômetros instalados,Instalação de hidrômetros,hidrometro,servico,6,un,,,,,mensagem_web_20260311_191839.txt,Hidrômetros instalados: 6,09/03/2026,Carapicuíba,Santa Terezinha,Carapicuíba,Santa Terezinha,Carapicuíba,cadastrado,,,,,,
I0007,F005,09/03/2026,Oeste 1,Água Legal,Santa Terezinha,Sidney,Av. Deputado Emílio Carlos,Caixas UMA instaladas,Instalação de caixas UMA,caixa_uma,servico,1,un,,,,,mensagem_web_20260311_191839.txt,Caixas UMA instaladas: 1,09/03/2026,Carapicuíba,Santa Terezinha,Carapicuíba,Santa Terezinha,Carapicuíba,cadastrado,,,,,,
I0008,F006,09/03/2026,Oeste 1,Água Legal,Santa Terezinha,Sidney,Av. Deputado Emílio Carlos,Recomposição de valas,Recomposição de valas,recomposicao,servico,3,un,,,,,mensagem_web_20260311_191839.txt,Recomposição de valas: 3,09/03/2026,Carapicuíba,Santa Terezinha,Carapicuíba,Santa Terezinha,Carapicuíba,cadastrado,,,,,,
I0001,F001,28/02/2026,Oeste 1,Água Legal,Santa Terezinha,Reggis,Av. Deputado Emílio Carlos,Intradomiciliares,Ligações intradomiciliares,intradomiciliar,servico,1,un,,,,,mensagem_web_20260311_200659.txt,Intradomiciliares: 1,28/02/2026,Carapicuíba,Santa Terezinha,Carapicuíba,Santa Terezinha,Carapicuíba,cadastrado,,,,,,
I0002,F001,28/02/2026,Oeste 1,Água Legal,Santa Terezinha,Reggis,Av. Deputado Emílio Carlos,Hidrômetros instalados,Instalação de hidrômetros,hidrometro,servico,1,un,,,,,mensagem_web_20260311_200659.txt,Hidrômetros instalados: 1,28/02/2026,Carapicuíba,Santa Terezinha,Carapicuíba,Santa Terezinha,Carapicuíba,cadastrado,,,,,,
I0003,F002,28/02/2026,Oeste 1,Água Legal,Santa Terezinha,Reggis,Av. Deputado Emílio Carlos,Prolongamento rede água,Prolongamento de rede de água,rede_agua,servico,21,m,PEAD,Ø63,,,mensagem_web_20260311_200659.txt,Prolongamento rede água (PEAD Ø63): 21 m,28/02/2026,Carapicuíba,Santa Terezinha,Carapicuíba,Santa Terezinha,Carapicuíba,cadastrado,,,,,,
I0004,F003,28/02/2026,Oeste 1,Água Legal,Santa Terezinha,Reggis,Av. Deputado Emílio Carlos,Ramais água,Execução de ramais de água,ramal_agua,servico,14,un,,,,,mensagem_web_20260311_200659.txt,Ramais água: 14,28/02/2026,Carapicuíba,Santa Terezinha,Carapicuíba,Santa Terezinha,Carapicuíba,cadastrado,,,,,,
I0005,F004,28/02/2026,Oeste 1,Água Legal,Santa Terezinha,Reggis,Av. Deputado Emílio Carlos,Intradomiciliares,Ligações intradomiciliares,intradomiciliar,servico,3,un,,,,,mensagem_web_20260311_200659.txt,Intradomiciliares: 3,28/02/2026,Carapicuíba,Santa Terezinha,Carapicuíba,Santa Terezinha,Carapicuíba,cadastrado,,,,,,
I0001,F001,28/02/2026,Oeste 1,Água Legal,Santa Terezinha,Reggis,Av. Deputado Emílio Carlos,Intradomiciliares,Ligações intradomiciliares,intradomiciliar,servico,1,un,,,,,mensagem_web_20260311_202851.txt,Intradomiciliares: 1,28/02/2026,Carapicuíba,Santa Terezinha,Carapicuiba,Santa Terezinha,Carapicuíba,cadastrado,,,,,,
I0002,F001,28/02/2026,Oeste 1,Água Legal,Santa Terezinha,Reggis,Av. Deputado Emílio Carlos,Hidrômetros instalados,Instalação de hidrômetros,hidrometro,servico,1,un,,,,,mensagem_web_20260311_202851.txt,Hidrômetros instalados: 1,28/02/2026,Carapicuíba,Santa Terezinha,Carapicuiba,Santa Terezinha,Carapicuíba,cadastrado,,,,,,
I0003,F002,28/02/2026,Oeste 1,Água Legal,Santa Terezinha,Reggis,Av. Deputado Emílio Carlos,Prolongamento rede água,Prolongamento de rede de água,rede_agua,servico,21,m,PEAD,Ø63,,,mensagem_web_20260311_202851.txt,Prolongamento rede água (PEAD Ø63): 21 m,28/02/2026,Carapicuíba,Santa Terezinha,Carapicuiba,Santa Terezinha,Carapicuíba,cadastrado,,,,,,
I0004,F003,28/02/2026,Oeste 1,Água Legal,Santa Terezinha,Reggis,Av. Deputado Emílio Carlos,Ramais água,Execução de ramais de água,ramal_agua,servico,14,un,,,,,mensagem_web_20260311_202851.txt,Ramais água: 14,28/02/2026,Carapicuíba,Santa Terezinha,Carapicuiba,Santa Terezinha,Carapicuíba,cadastrado,,,,,,
I0005,F004,28/02/2026,Oeste 1,Água Legal,Santa Terezinha,Reggis,Av. Deputado Emílio Carlos,Intradomiciliares,Ligações intradomiciliares,intradomiciliar,servico,3,un,,,,,mensagem_web_20260311_202851.txt,Intradomiciliares: 3,28/02/2026,Carapicuíba,Santa Terezinha,Carapicuiba,Santa Terezinha,Carapicuíba,cadastrado,,,,,,
I0001,F001,28/02/2026,Oeste 1,Água Legal,Santa Terezinha,Reggis,Av. Deputado Emílio Carlos,Intradomiciliares,Ligações intradomiciliares,intradomiciliar,servico,1,un,,,,,mensagem_web_20260311_204052.txt,Intradomiciliares: 1,28/02/2026,Carapicuíba,Santa Terezinha,Carapicuíba,Santa Terezinha,Carapicuíba,cadastrado,,,,,,
I0002,F001,28/02/2026,Oeste 1,Água Legal,Santa Terezinha,Reggis,Av. Deputado Emílio Carlos,Hidrômetros instalados,Instalação de hidrômetros,hidrometro,servico,1,un,,,,,mensagem_web_20260311_204052.txt,Hidrômetros instalados: 1,28/02/2026,Carapicuíba,Santa Terezinha,Carapicuíba,Santa Terezinha,Carapicuíba,cadastrado,,,,,,
I0003,F002,28/02/2026,Oeste 1,Água Legal,Santa Terezinha,Reggis,Av. Deputado Emílio Carlos,Prolongamento rede água,Prolongamento de rede de água,rede_agua,servico,21,m,PEAD,Ø63,,,mensagem_web_20260311_204052.txt,Prolongamento rede água (PEAD Ø63): 21 m,28/02/2026,Carapicuíba,Santa Terezinha,Carapicuíba,Santa Terezinha,Carapicuíba,cadastrado,,,,,,
I0004,F003,28/02/2026,Oeste 1,Água Legal,Santa Terezinha,Reggis,Av. Deputado Emílio Carlos,Ramais água,Execução de ramais de água,ramal_agua,servico,14,un,,,,,mensagem_web_20260311_204052.txt,Ramais água: 14,28/02/2026,Carapicuíba,Santa Terezinha,Carapicuíba,Santa Terezinha,Carapicuíba,cadastrado,,,,,,
I0005,F004,28/02/2026,Oeste 1,Água Legal,Santa Terezinha,Reggis,Av. Deputado Emílio Carlos,Intradomiciliares,Ligações intradomiciliares,intradomiciliar,servico,3,un,,,,,mensagem_web_20260311_204052.txt,Intradomiciliares: 3,28/02/2026,Carapicuíba,Santa Terezinha,Carapicuíba,Santa Terezinha,Carapicuíba,cadastrado,,,,,,
I0001,F001,27/02/2026,Oeste 1,Ãgua Legal,Patrocínio,Sidomar,Tv. Rancharia / Rua Rio Tocantins,✅ Intradomiciliares,Ligações intradomiciliares,intradomiciliar,servico,14,un,,,,,mensagem_web_20260311_214832.txt,✅ Intradomiciliares: 14,27/02/2026,Carapicuíba,Patrocínio,Carapicuíba,Patrocínio,Carapicuíba,cadastrado,,,,,,
I0002,F001,27/02/2026,Oeste 1,Ãgua Legal,Patrocínio,Sidomar,Tv. Rancharia / Rua Rio Tocantins,✅ Hidrômetros instalados,Instalação de hidrômetros,hidrometro,servico,14,un,,,,,mensagem_web_20260311_214832.txt,✅ Hidrômetros instalados: 14,27/02/2026,Carapicuíba,Patrocínio,Carapicuíba,Patrocínio,Carapicuíba,cadastrado,,,,,,
I0003,F002,27/02/2026,Oeste 1,Ãgua Legal,Patrocínio,Sidomar,Tv. Rancharia / Rua Rio Tocantins,✅ Ramais água,Execução de ramais de água,ramal_agua,servico,3,un,,,,,mensagem_web_20260311_214832.txt,✅ Ramais água: 3,27/02/2026,Carapicuíba,Patrocínio,Carapicuíba,Patrocínio,Carapicuíba,cadastrado,,,,,,
I0004,F003,27/02/2026,Oeste 1,Ãgua Legal,Patrocínio,Sidomar,Tv. Rancharia / Rua Rio Tocantins,✅ Prolongamento rede água,Prolongamento de rede de água,rede_agua,servico,52,m,PEAD,,,,mensagem_web_20260311_214832.txt,✅ Prolongamento rede água (PEAD Ø63): 52 m,27/02/2026,Carapicuíba,Patrocínio,Carapicuíba,Patrocínio,Carapicuíba,cadastrado,,,,,,
I0005,F004,27/02/2026,Oeste 1,Ãgua Legal,Patrocínio,Sidomar,Tv. Rancharia / Rua Rio Tocantins,✅ Prolongamento rede,Prolongamento de rede,rede_agua,servico,19,m,,Ø63,,,mensagem_web_20260311_214832.txt,✅ Prolongamento rede (Ø63): 19 m,27/02/2026,Carapicuíba,Patrocínio,Carapicuíba,Patrocínio,Carapicuíba,cadastrado,,,,,,
I0006,F005,27/02/2026,Oeste 1,Ãgua Legal,Patrocínio,Sidomar,Tv. Rancharia / Rua Rio Tocantins,✅ Ramais esgoto,Execução de ramais de esgoto,ramal_esgoto,servico,3,un,,,,,mensagem_web_20260311_214832.txt,✅ Ramais esgoto: 3,27/02/2026,Carapicuíba,Patrocínio,Carapicuíba,Patrocínio,Carapicuíba,cadastrado,,,,,,
I0007,F005,27/02/2026,Oeste 1,Ãgua Legal,Patrocínio,Sidomar,Tv. Rancharia / Rua Rio Tocantins,🧱 Serviço complementar,Instalacao de Caixa de Inspecao,caixa_inspecao,servico,1,servico,,,"Instalação de Caixa de Inspeção (0,80 x 0,80)",,mensagem_web_20260311_214832.txt,"🧱 Serviço complementar: Instalação de Caixa de Inspeção (0,80 x 0,80)",27/02/2026,Carapicuíba,Patrocínio,Carapicuíba,Patrocínio,Carapicuíba,cadastrado,,,,,,
I0008,F006,27/02/2026,Oeste 1,Ãgua Legal,Patrocínio,Sidomar,Tv. Rancharia / Rua Rio Tocantins,✅ Intradomiciliares,Ligações intradomiciliares,intradomiciliar,servico,8,un,,,,,mensagem_web_20260311_214832.txt,✅ Intradomiciliares: 8,27/02/2026,Carapicuíba,Patrocínio,Carapicuíba,Patrocínio,Carapicuíba,cadastrado,,,,,,
I0009,F006,27/02/2026,Oeste 1,Ãgua Legal,Patrocínio,Sidomar,Tv. Rancharia / Rua Rio Tocantins,✅ Hidrômetros instalados,Instalação de hidrômetros,hidrometro,servico,5,un,,,,,mensagem_web_20260311_214832.txt,✅ Hidrômetros instalados: 5,27/02/2026,Carapicuíba,Patrocínio,Carapicuíba,Patrocínio,Carapicuíba,cadastrado,,,,,,
I0010,F007,27/02/2026,Oeste 1,Ãgua Legal,Patrocínio,Sidomar,Tv. Rancharia / Rua Rio Tocantins,✅ Caixas UMA,Instalação de caixas UMA,caixa_uma,servico,16,un,,,,,mensagem_web_20260311_214832.txt,✅ Caixas UMA: 16,27/02/2026,Carapicuíba,Patrocínio,Carapicuíba,Patrocínio,Carapicuíba,cadastrado,,,,,,
I0011,F007,27/02/2026,Oeste 1,Ãgua Legal,Patrocínio,Sidomar,Tv. Rancharia / Rua Rio Tocantins,▪️ Embutida,Instalacao de caixas UMA,caixa_uma,servico,7,un,,,,,mensagem_web_20260311_214832.txt,▪️ Embutida: 7,27/02/2026,Carapicuíba,Patrocínio,Carapicuíba,Patrocínio,Carapicuíba,cadastrado,,,,,,
I0012,F007,27/02/2026,Oeste 1,Ãgua Legal,Patrocínio,Sidomar,Tv. Rancharia / Rua Rio Tocantins,▪️ Mureta,Instalacao de caixas UMA,caixa_uma,servico,9,un,,,,,mensagem_web_20260311_214832.txt,▪️ Mureta: 9,27/02/2026,Carapicuíba,Patrocínio,Carapicuíba,Patrocínio,Carapicuíba,cadastrado,,,,,,
I0001,F001,27/02/2026,Oeste 1,Ãgua Legal,Patrocínio,Sidomar,Tv. Rancharia / Rua Rio Tocantins,✅ Intradomiciliares,Ligações intradomiciliares,intradomiciliar,servico,14,un,,,,,mensagem_web_20260311_223741.txt,✅ Intradomiciliares: 14,27/02/2026,Carapicuíba,Patrocínio,Carapicuíba,Patrocínio,Carapicuíba,cadastrado,,,,,,
I0002,F001,27/02/2026,Oeste 1,Ãgua Legal,Patrocínio,Sidomar,Tv. Rancharia / Rua Rio Tocantins,✅ Hidrômetros instalados,Instalação de hidrômetros,hidrometro,servico,14,un,,,,,mensagem_web_20260311_223741.txt,✅ Hidrômetros instalados: 14,27/02/2026,Carapicuíba,Patrocínio,Carapicuíba,Patrocínio,Carapicuíba,cadastrado,,,,,,
I0003,F002,27/02/2026,Oeste 1,Ãgua Legal,Patrocínio,Sidney,Rua Rio Tocantins,✅ Ramais água,Execução de ramais de água,ramal_agua,servico,3,un,,,,,mensagem_web_20260311_223741.txt,✅ Ramais água: 3,27/02/2026,Carapicuíba,Patrocínio,Carapicuíba,Patrocínio,Carapicuíba,cadastrado,,,,,,
I0004,F003,27/02/2026,Oeste 1,Ãgua Legal,Mississipi,Carlos,Viela Mississipi,✅ Prolongamento rede água,Prolongamento de rede de água,rede_agua,servico,52,m,PEAD,,,,mensagem_web_20260311_223741.txt,✅ Prolongamento rede água (PEAD Ø63): 52 m,27/02/2026,Barueri,Mississipi,Barueri,Mississipi,Barueri,cadastrado,,,,,,
I0005,F004,27/02/2026,Oeste 1,Ãgua Legal,Mississipi,Xavier,Tv. Rancharia / Rua Rio Tocantins,✅ Prolongamento rede,Prolongamento de rede,rede_agua,servico,19,m,,Ø63,,,mensagem_web_20260311_223741.txt,✅ Prolongamento rede (Ø63): 19 m,27/02/2026,Barueri,Viela 1 / Viela 7,Barueri,Mississipi,Barueri,cadastrado,,,,,,
I0006,F005,27/02/2026,Oeste 1,Ãgua Legal,Mississipi,Weslyn,Viela Mississipi,✅ Ramais esgoto,Execução de ramais de esgoto,ramal_esgoto,servico,3,un,,,,,mensagem_web_20260311_223741.txt,✅ Ramais esgoto: 3,27/02/2026,Barueri,Mississipi — Esgoto,Barueri,Mississipi,Barueri,cadastrado,,,,,,
I0007,F005,27/02/2026,Oeste 1,Ãgua Legal,Mississipi,Weslyn,Viela Mississipi,🧱 Serviço complementar,Instalacao de Caixa de Inspecao,caixa_inspecao,servico,1,servico,,,"Instalação de Caixa de Inspeção (0,80 x 0,80)",,mensagem_web_20260311_223741.txt,"🧱 Serviço complementar: Instalação de Caixa de Inspeção (0,80 x 0,80)",27/02/2026,Barueri,Mississipi — Esgoto,Barueri,Mississipi,Barueri,cadastrado,,,,,,
I0008,F006,27/02/2026,Oeste 1,Ãgua Legal,Cerejas,Reggis,Tv. Haitiana / Tv. do Alemão / Tv. do Bala / Rua Dezesseis,✅ Intradomiciliares,Ligações intradomiciliares,intradomiciliar,servico,8,un,,,,,mensagem_web_20260311_223741.txt,✅ Intradomiciliares: 8,27/02/2026,Jandira,Cerejas,Jandira,Cerejas,Jandira,cadastrado,,,,,,
I0009,F006,27/02/2026,Oeste 1,Ãgua Legal,Cerejas,Reggis,Tv. Haitiana / Tv. do Alemão / Tv. do Bala / Rua Dezesseis,✅ Hidrômetros instalados,Instalação de hidrômetros,hidrometro,servico,5,un,,,,,mensagem_web_20260311_223741.txt,✅ Hidrômetros instalados: 5,27/02/2026,Jandira,Cerejas,Jandira,Cerejas,Jandira,cadastrado,,,,,,
I0010,F007,27/02/2026,Oeste 1,Ãgua Legal,Mississipi,Paulo Vilela,Tv. Rancharia / Rua Rio Tocantins,✅ Caixas UMA,Instalação de caixas UMA,caixa_uma,servico,16,un,,,,,mensagem_web_20260311_223741.txt,✅ Caixas UMA: 16,27/02/2026,Barueri,Mississipi — Caixa UMA,Barueri,Mississipi,Barueri,cadastrado,,,,,,
I0011,F007,27/02/2026,Oeste 1,Ãgua Legal,Mississipi,Paulo Vilela,Tv. Rancharia / Rua Rio Tocantins,▪️ Embutida,Instalacao de caixas UMA,caixa_uma,servico,7,un,,,,,mensagem_web_20260311_223741.txt,▪️ Embutida: 7,27/02/2026,Barueri,Mississipi — Caixa UMA,Barueri,Mississipi,Barueri,cadastrado,,,,,,
I0012,F007,27/02/2026,Oeste 1,Ãgua Legal,Mississipi,Paulo Vilela,Tv. Rancharia / Rua Rio Tocantins,▪️ Mureta,Instalacao de caixas UMA,caixa_uma,servico,9,un,,,,,mensagem_web_20260311_223741.txt,▪️ Mureta: 9,27/02/2026,Barueri,Mississipi — Caixa UMA,Barueri,Mississipi,Barueri,cadastrado,,,,,,
I0001,F001,27/02/2026,Oeste 1,Ãgua Legal,Patrocínio,Sidomar,Tv. Rancharia / Rua Rio Tocantins,✅ Intradomiciliares,Ligações intradomiciliares,intradomiciliar,servico,14,un,,,,,mensagem_web_20260311_224554.txt,✅ Intradomiciliares: 14,27/02/2026,Carapicuíba,Patrocínio,Carapicuíba,Patrocínio,Carapicuíba,cadastrado,,,,,,
I0002,F001,27/02/2026,Oeste 1,Ãgua Legal,Patrocínio,Sidomar,Tv. Rancharia / Rua Rio Tocantins,✅ Hidrômetros instalados,Instalação de hidrômetros,hidrometro,servico,14,un,,,,,mensagem_web_20260311_224554.txt,✅ Hidrômetros instalados: 14,27/02/2026,Carapicuíba,Patrocínio,Carapicuíba,Patrocínio,Carapicuíba,cadastrado,,,,,,
I0003,F002,27/02/2026,Oeste 1,Ãgua Legal,Patrocínio,Sidney,Rua Rio Tocantins,✅ Ramais água,Execução de ramais de água,ramal_agua,servico,3,un,,,,,mensagem_web_20260311_224554.txt,✅ Ramais água: 3,27/02/2026,Carapicuíba,Patrocínio,Carapicuíba,Patrocínio,Carapicuíba,cadastrado,,,,,,
I0004,F003,27/02/2026,Oeste 1,Ãgua Legal,Mississipi,Carlos,Viela Mississipi,✅ Prolongamento rede água,Prolongamento de rede de água,rede_agua,servico,52,m,PEAD,,,,mensagem_web_20260311_224554.txt,✅ Prolongamento rede água (PEAD Ø63): 52 m,27/02/2026,Barueri,Mississipi,Carapicuíba,Mississipi,Barueri,cadastrado,,,,,,
I0005,F004,27/02/2026,Oeste 1,Ãgua Legal,Patrocínio,Xavier,Viela 1 / Viela 7,✅ Prolongamento rede,Prolongamento de rede,rede_agua,servico,19,m,,Ø63,,,mensagem_web_20260311_224554.txt,✅ Prolongamento rede (Ø63): 19 m,27/02/2026,Carapicuíba,Patrocínio,Carapicuíba,Patrocínio,Carapicuíba,cadastrado,,,,,,
I0006,F005,27/02/2026,Oeste 1,Ãgua Legal,Mississipi,Weslyn,Viela Mississipi,✅ Ramais esgoto,Execução de ramais de esgoto,ramal_esgoto,servico,3,un,,,,,mensagem_web_20260311_224554.txt,✅ Ramais esgoto: 3,27/02/2026,Barueri,Mississipi,Carapicuíba,Mississipi,Barueri,cadastrado,,,,,,
I0007,F005,27/02/2026,Oeste 1,Ãgua Legal,Mississipi,Weslyn,Viela Mississipi,🧱 Serviço complementar,Instalacao de Caixa de Inspecao,caixa_inspecao,servico,1,servico,,,"Instalação de Caixa de Inspeção (0,80 x 0,80)",,mensagem_web_20260311_224554.txt,"🧱 Serviço complementar: Instalação de Caixa de Inspeção (0,80 x 0,80)",27/02/2026,Barueri,Mississipi,Carapicuíba,Mississipi,Barueri,cadastrado,,,,,,
I0008,F006,27/02/2026,Oeste 1,Ãgua Legal,Cerejas,Reggis,Tv. Haitiana / Tv. do Alemão / Tv. do Bala / Rua Dezesseis,✅ Intradomiciliares,Ligações intradomiciliares,intradomiciliar,servico,8,un,,,,,mensagem_web_20260311_224554.txt,✅ Intradomiciliares: 8,27/02/2026,Jandira,Cerejas,Carapicuíba,Cerejas,Jandira,cadastrado,,,,,,
I0009,F006,27/02/2026,Oeste 1,Ãgua Legal,Cerejas,Reggis,Tv. Haitiana / Tv. do Alemão / Tv. do Bala / Rua Dezesseis,✅ Hidrômetros instalados,Instalação de hidrômetros,hidrometro,servico,5,un,,,,,mensagem_web_20260311_224554.txt,✅ Hidrômetros instalados: 5,27/02/2026,Jandira,Cerejas,Carapicuíba,Cerejas,Jandira,cadastrado,,,,,,
I0010,F007,27/02/2026,Oeste 1,Ãgua Legal,Mississipi,Paulo Vilela,Tv. Rancharia / Rua Rio Tocantins,✅ Caixas UMA,Instalação de caixas UMA,caixa_uma,servico,16,un,,,,,mensagem_web_20260311_224554.txt,✅ Caixas UMA: 16,27/02/2026,Barueri,Mississipi,Carapicuíba,Mississipi,Barueri,cadastrado,,,,,,
I0011,F007,27/02/2026,Oeste 1,Ãgua Legal,Mississipi,Paulo Vilela,Tv. Rancharia / Rua Rio Tocantins,▪️ Embutida,Instalacao de caixas UMA,caixa_uma,servico,7,un,,,,,mensagem_web_20260311_224554.txt,▪️ Embutida: 7,27/02/2026,Barueri,Mississipi,Carapicuíba,Mississipi,Barueri,cadastrado,,,,,,
I0012,F007,27/02/2026,Oeste 1,Ãgua Legal,Mississipi,Paulo Vilela,Tv. Rancharia / Rua Rio Tocantins,▪️ Mureta,Instalacao de caixas UMA,caixa_uma,servico,9,un,,,,,mensagem_web_20260311_224554.txt,▪️ Mureta: 9,27/02/2026,Barueri,Mississipi,Carapicuíba,Mississipi,Barueri,cadastrado,,,,,,
I0001,F001,03/03/2026,Oeste 1,Ãgua Legal,Santa Terezinha,Reggis,Av. Dep. Emílio Carlos / Travessa Haitiana,✅ Intradomiciliares,Ligações intradomiciliares,intradomiciliar,servico,3,un,,,,,consolidado_2026_03_03.txt,✅ Intradomiciliares: 3,,Carapicuíba,Santa Terezinha,Carapicuíba,Santa Terezinha,Carapicuíba,cadastrado,,,,,,
I0002,F001,03/03/2026,Oeste 1,Ãgua Legal,Santa Terezinha,Reggis,Av. Dep. Emílio Carlos / Travessa Haitiana,✅ Hidrômetros instalados,Instalação de hidrômetros,hidrometro,servico,2,un,,,,,consolidado_2026_03_03.txt,✅ Hidrômetros instalados: 2,,Carapicuíba,Santa Terezinha,Carapicuíba,Santa Terezinha,Carapicuíba,cadastrado,,,,,,
I0003,F002,03/03/2026,Oeste 1,Ãgua Legal,José Bonifácio,Sidomar,"Rua José Bonifácio / Rua Brigadeiro Tobias, nº 159",✅ Intradomiciliares,Ligações intradomiciliares,intradomiciliar,servico,1,un,,,,,consolidado_2026_03_03.txt,✅ Intradomiciliares: 1,,Jandira,José Bonifácio,Jandira,José Bonifácio,Jandira,cadastrado,,,,,,
I0004,F002,03/03/2026,Oeste 1,Ãgua Legal,José Bonifácio,Sidomar,"Rua José Bonifácio / Rua Brigadeiro Tobias, nº 159",✅ Hidrômetros instalados,Instalação de hidrômetros,hidrometro,servico,1,un,,,,,consolidado_2026_03_03.txt,✅ Hidrômetros instalados: 1,,Jandira,José Bonifácio,Jandira,José Bonifácio,Jandira,cadastrado,,,,,,
I0005,F002,03/03/2026,Oeste 1,Ãgua Legal,José Bonifácio,Sidomar,"Rua José Bonifácio / Rua Brigadeiro Tobias, nº 159",✅ Caixas UMA instaladas,Instalação de caixas UMA,caixa_uma,servico,1,un,,,,,consolidado_2026_03_03.txt,✅ Caixas UMA instaladas: 1,,Jandira,José Bonifácio,Jandira,José Bonifácio,Jandira,cadastrado,,,,,,
I0006,F003,03/03/2026,Oeste 1,Ãgua Legal,Mississipi,Xavier,Viela 2,✅ Ramais água,Execução de ramais de água,ramal_agua,servico,7,un,,,,,consolidado_2026_03_03.txt,✅ Ramais água: 7,,Barueri,Mississipi,Barueri,Mississipi,Barueri,cadastrado,,,,,,
I0007,F003,03/03/2026,Oeste 1,Ãgua Legal,Mississipi,Xavier,Viela 2,✅ Prolongamento rede água,Prolongamento de rede de água,rede_agua,servico,16,m,PEAD,,,,consolidado_2026_03_03.txt,✅ Prolongamento rede água (PEAD Ø63): 16 m,,Barueri,Mississipi,Barueri,Mississipi,Barueri,cadastrado,,,,,,
I0008,F004,03/03/2026,Oeste 1,Ãgua Legal,Mississipi,Weslyn,Viela 7,✅ Ramais água,Execução de ramais de água,ramal_agua,servico,15,un,,,,,consolidado_2026_03_03.txt,✅ Ramais água: 15,,Barueri,Mississipi,Barueri,Mississipi,Barueri,cadastrado,,,,,,
I0009,F005,03/03/2026,Oeste 1,Ãgua Legal,Mississipi,Carlos,Viela 6 / Viela 7,✅ Interligação Ø63 x Ø63,Execução de interligação de rede 63 x 63,interligacao,servico,1,un,,,,,consolidado_2026_03_03.txt,✅ Interligação Ø63 x Ø63: 1,,Barueri,Mississipi,Barueri,Mississipi,Barueri,cadastrado,,,,,,
I0010,F005,03/03/2026,Oeste 1,Ãgua Legal,Mississipi,Carlos,Viela 6 / Viela 7,✅ Prolongamento rede,Prolongamento de rede,rede_agua,servico,29,m,,Ø63,,,consolidado_2026_03_03.txt,✅ Prolongamento rede (Ø63): 29 m,,Barueri,Mississipi,Barueri,Mississipi,Barueri,cadastrado,,,,,,
I0001,F001,10/03/2026,Oeste 1,Ãgua Legal,Mississipi,Weslyn,Viela 3 / Viela 4 / Viela 5,✅ Ramais água,Execução de ramais de água,ramal_agua,servico,4,un,,,,,mensagem_web_20260316_081616.txt,✅ Ramais água: 4,10/03/2026,Barueri,Mississipi,Barueri,Mississipi,Barueri,cadastrado,,,,,,
I0002,F001,10/03/2026,Oeste 1,Ãgua Legal,Mississipi,Weslyn,Viela 3 / Viela 4 / Viela 5,✅ Prolongamento rede água,Prolongamento de rede de água,rede_agua,servico,22,m,PEAD,,,,mensagem_web_20260316_081616.txt,✅ Prolongamento rede água (PEAD Ø32): 22 m,10/03/2026,Barueri,Mississipi,Barueri,Mississipi,Barueri,cadastrado,,,,,,
I0003,F001,10/03/2026,Oeste 1,Ãgua Legal,Mississipi,Weslyn,Viela 3 / Viela 4 / Viela 5,✅ Prolongamento rede água,Prolongamento de rede de água,rede_agua,servico,40,m,PEAD,,,,mensagem_web_20260316_081616.txt,✅ Prolongamento rede água (PEAD Ø63): 40 m,10/03/2026,Barueri,Mississipi,Barueri,Mississipi,Barueri,cadastrado,,,,,,
I0004,F002,10/03/2026,Oeste 1,Ãgua Legal,Cerejas,Sidney,Tv. Haitiana / Rua Dezesseis,✅ Ramais água,Execução de ramais de água,ramal_agua,servico,1,un,,,,,mensagem_web_20260316_081616.txt,✅ Ramais água: 1,10/03/2026,Jandira,Cerejas,Barueri,Cerejas,Jandira,cadastrado,,,,,,
I0005,F003,10/03/2026,Oeste 1,Ãgua Legal,Cerejas,Reggis,Tv. do Alemão / Tv. do Bala / Tv. da Bete,✅ Intradomiciliares,Ligações intradomiciliares,intradomiciliar,servico,4,un,,,,,mensagem_web_20260316_081616.txt,✅ Intradomiciliares: 4,10/03/2026,Jandira,Cerejas,Barueri,Cerejas,Jandira,cadastrado,,,,,,
I0006,F003,10/03/2026,Oeste 1,Ãgua Legal,Cerejas,Reggis,Tv. do Alemão / Tv. do Bala / Tv. da Bete,✅ Hidrômetros instalados,Instalação de hidrômetros,hidrometro,servico,4,un,,,,,mensagem_web_20260316_081616.txt,✅ Hidrômetros instalados: 4,10/03/2026,Jandira,Cerejas,Barueri,Cerejas,Jandira,cadastrado,,,,,,
I0007,F004,10/03/2026,Oeste 1,Ãgua Legal,Cerejas,Amadeu,Travessa Haitiana / Rua Dezesseis,✅ Caixas UMA instaladas,Instalação de caixas UMA,caixa_uma,servico,2,un,,,,,mensagem_web_20260316_081616.txt,✅ Caixas UMA instaladas: 2,10/03/2026,Jandira,Cerejas,Barueri,Cerejas,Jandira,cadastrado,,,,,,
I0001,F001,10/03/2026,Oeste 1,Água Legal,Mississipi,Weslyn,Viela 3 / Viela 4 / Viela 5,✅ Ramais água,Execução de ramais de água,ramal_agua,servico,4,un,,,,,mensagem_web_20260316_084210.txt,✅ Ramais água: 4,10/03/2026,Barueri,Mississipi,Barueri,Mississipi,Barueri,cadastrado,,,,,,
I0002,F001,10/03/2026,Oeste 1,Água Legal,Mississipi,Weslyn,Viela 3 / Viela 4 / Viela 5,✅ Prolongamento rede água,Prolongamento de rede de água,rede_agua,servico,22,m,PEAD,,,,mensagem_web_20260316_084210.txt,✅ Prolongamento rede água (PEAD Ø32): 22 m,10/03/2026,Barueri,Mississipi,Barueri,Mississipi,Barueri,cadastrado,,,,,,
I0003,F001,10/03/2026,Oeste 1,Água Legal,Mississipi,Weslyn,Viela 3 / Viela 4 / Viela 5,✅ Prolongamento rede água,Prolongamento de rede de água,rede_agua,servico,40,m,PEAD,,,,mensagem_web_20260316_084210.txt,✅ Prolongamento rede água (PEAD Ø63): 40 m,10/03/2026,Barueri,Mississipi,Barueri,Mississipi,Barueri,cadastrado,,,,,,
I0004,F002,10/03/2026,Oeste 1,Água Legal,Cerejas,Sidney,Tv. Haitiana / Rua Dezesseis,✅ Ramais água,Execução de ramais de água,ramal_agua,servico,1,un,,,,,mensagem_web_20260316_084210.txt,✅ Ramais água: 1,10/03/2026,Jandira,Cerejas,Barueri,Cerejas,Jandira,cadastrado,,,,,,
I0005,F003,10/03/2026,Oeste 1,Água Legal,Cerejas,Reggis,Tv. do Alemão / Tv. do Bala / Tv. da Bete,✅ Intradomiciliares,Ligações intradomiciliares,intradomiciliar,servico,4,un,,,,,mensagem_web_20260316_084210.txt,✅ Intradomiciliares: 4,10/03/2026,Jandira,Cerejas,Barueri,Cerejas,Jandira,cadastrado,,,,,,
I0006,F003,10/03/2026,Oeste 1,Água Legal,Cerejas,Reggis,Tv. do Alemão / Tv. do Bala / Tv. da Bete,✅ Hidrômetros instalados,Instalação de hidrômetros,hidrometro,servico,4,un,,,,,mensagem_web_20260316_084210.txt,✅ Hidrômetros instalados: 4,10/03/2026,Jandira,Cerejas,Barueri,Cerejas,Jandira,cadastrado,,,,,,
I0007,F004,10/03/2026,Oeste 1,Água Legal,Cerejas,Amadeu,Travessa Haitiana / Rua Dezesseis,✅ Caixas UMA instaladas,Instalação de caixas UMA,caixa_uma,servico,2,un,,,,,mensagem_web_20260316_084210.txt,✅ Caixas UMA instaladas: 2,10/03/2026,Jandira,Cerejas,Barueri,Cerejas,Jandira,cadastrado,,,,,,
I0001,F001,10/03/2026,Oeste 1,Água Legal,Mississipi,Weslyn,Viela 3 / Viela 4 / Viela 5,✅ Ramais água,Execução de ramais de água,ramal_agua,servico,4,un,,,,,mensagem_web_20260316_085227.txt,✅ Ramais água: 4,10/03/2026,Barueri,Mississipi,Barueri,Mississipi,Barueri,cadastrado,,,,,,
I0002,F001,10/03/2026,Oeste 1,Água Legal,Mississipi,Weslyn,Viela 3 / Viela 4 / Viela 5,✅ Prolongamento rede água,Prolongamento de rede de água,rede_agua,servico,22,m,PEAD,,,,mensagem_web_20260316_085227.txt,✅ Prolongamento rede água (PEAD Ø32): 22 m,10/03/2026,Barueri,Mississipi,Barueri,Mississipi,Barueri,cadastrado,,,,,,
I0003,F001,10/03/2026,Oeste 1,Água Legal,Mississipi,Weslyn,Viela 3 / Viela 4 / Viela 5,✅ Prolongamento rede água,Prolongamento de rede de água,rede_agua,servico,40,m,PEAD,,,,mensagem_web_20260316_085227.txt,✅ Prolongamento rede água (PEAD Ø63): 40 m,10/03/2026,Barueri,Mississipi,Barueri,Mississipi,Barueri,cadastrado,,,,,,
I0004,F002,10/03/2026,Oeste 1,Água Legal,Cerejas,Sidney,Tv. Haitiana / Rua Dezesseis,✅ Ramais água,Execução de ramais de água,ramal_agua,servico,1,un,,,,,mensagem_web_20260316_085227.txt,✅ Ramais água: 1,10/03/2026,Jandira,Cerejas,Barueri,Cerejas,Jandira,cadastrado,,,,,,
I0005,F003,10/03/2026,Oeste 1,Água Legal,Cerejas,Reggis,Tv. do Alemão / Tv. do Bala / Tv. da Bete,✅ Intradomiciliares,Ligações intradomiciliares,intradomiciliar,servico,4,un,,,,,mensagem_web_20260316_085227.txt,✅ Intradomiciliares: 4,10/03/2026,Jandira,Cerejas,Barueri,Cerejas,Jandira,cadastrado,,,,,,
I0006,F003,10/03/2026,Oeste 1,Água Legal,Cerejas,Reggis,Tv. do Alemão / Tv. do Bala / Tv. da Bete,✅ Hidrômetros instalados,Instalação de hidrômetros,hidrometro,servico,4,un,,,,,mensagem_web_20260316_085227.txt,✅ Hidrômetros instalados: 4,10/03/2026,Jandira,Cerejas,Barueri,Cerejas,Jandira,cadastrado,,,,,,
I0007,F004,10/03/2026,Oeste 1,Água Legal,Cerejas,Amadeu,Travessa Haitiana / Rua Dezesseis,✅ Caixas UMA instaladas,Instalação de caixas UMA,caixa_uma,servico,2,un,,,,,mensagem_web_20260316_085227.txt,✅ Caixas UMA instaladas: 2,10/03/2026,Jandira,Cerejas,Barueri,Cerejas,Jandira,cadastrado,,,,,,
I0001,F001,10/03/2026,Oeste 1,Água Legal,Mississipi,Weslyn,Viela 3 / Viela 4 / Viela 5,✅ Ramais água,Execução de ramais de água,ramal_agua,servico,4,un,,,,,mensagem_web_20260316_092439.txt,✅ Ramais água: 4,10/03/2026,Barueri,Mississipi,Barueri,Mississipi,Barueri,cadastrado,,,,,,
I0002,F001,10/03/2026,Oeste 1,Água Legal,Mississipi,Weslyn,Viela 3 / Viela 4 / Viela 5,✅ Prolongamento rede água,Prolongamento de rede de água,rede_agua,servico,22,m,PEAD,,,,mensagem_web_20260316_092439.txt,✅ Prolongamento rede água (PEAD Ø32): 22 m,10/03/2026,Barueri,Mississipi,Barueri,Mississipi,Barueri,cadastrado,,,,,,
I0003,F001,10/03/2026,Oeste 1,Água Legal,Mississipi,Weslyn,Viela 3 / Viela 4 / Viela 5,✅ Prolongamento rede água,Prolongamento de rede de água,rede_agua,servico,40,m,PEAD,,,,mensagem_web_20260316_092439.txt,✅ Prolongamento rede água (PEAD Ø63): 40 m,10/03/2026,Barueri,Mississipi,Barueri,Mississipi,Barueri,cadastrado,,,,,,
I0004,F002,10/03/2026,Oeste 1,Água Legal,Cerejas,Sidney,Tv. Haitiana / Rua Dezesseis,✅ Ramais água,Execução de ramais de água,ramal_agua,servico,1,un,,,,,mensagem_web_20260316_092439.txt,✅ Ramais água: 1,10/03/2026,Jandira,Cerejas,Barueri,Cerejas,Jandira,cadastrado,,,,,,
I0005,F003,10/03/2026,Oeste 1,Água Legal,Cerejas,Reggis,Tv. do Alemão / Tv. do Bala / Tv. da Bete,✅ Intradomiciliares,Ligações intradomiciliares,intradomiciliar,servico,4,un,,,,,mensagem_web_20260316_092439.txt,✅ Intradomiciliares: 4,10/03/2026,Jandira,Cerejas,Barueri,Cerejas,Jandira,cadastrado,,,,,,
I0006,F003,10/03/2026,Oeste 1,Água Legal,Cerejas,Reggis,Tv. do Alemão / Tv. do Bala / Tv. da Bete,✅ Hidrômetros instalados,Instalação de hidrômetros,hidrometro,servico,4,un,,,,,mensagem_web_20260316_092439.txt,✅ Hidrômetros instalados: 4,10/03/2026,Jandira,Cerejas,Barueri,Cerejas,Jandira,cadastrado,,,,,,
I0007,F004,10/03/2026,Oeste 1,Água Legal,Cerejas,Amadeu,Travessa Haitiana / Rua Dezesseis,✅ Caixas UMA instaladas,Instalação de caixas UMA,caixa_uma,servico,2,un,,,,,mensagem_web_20260316_092439.txt,✅ Caixas UMA instaladas: 2,10/03/2026,Jandira,Cerejas,Barueri,Cerejas,Jandira,cadastrado,,,,,,
I0001,F001,10/03/2026,Oeste 1,Água Legal,Mississipi,Weslyn,Viela 3 / Viela 4 / Viela 5,✅ Ramais água,Execução de ramais de água,ramal_agua,servico,4,un,,,,,mensagem_web_20260316_093444.txt,✅ Ramais água: 4,10/03/2026,Barueri,Mississipi,Barueri,Mississipi,Barueri,cadastrado,,,,,,
I0002,F001,10/03/2026,Oeste 1,Água Legal,Mississipi,Weslyn,Viela 3 / Viela 4 / Viela 5,✅ Prolongamento rede água,Prolongamento de rede de água,rede_agua,servico,22,m,PEAD,,,,mensagem_web_20260316_093444.txt,✅ Prolongamento rede água (PEAD Ø32): 22 m,10/03/2026,Barueri,Mississipi,Barueri,Mississipi,Barueri,cadastrado,,,,,,
I0003,F001,10/03/2026,Oeste 1,Água Legal,Mississipi,Weslyn,Viela 3 / Viela 4 / Viela 5,✅ Prolongamento rede água,Prolongamento de rede de água,rede_agua,servico,40,m,PEAD,,,,mensagem_web_20260316_093444.txt,✅ Prolongamento rede água (PEAD Ø63): 40 m,10/03/2026,Barueri,Mississipi,Barueri,Mississipi,Barueri,cadastrado,,,,,,
I0004,F002,10/03/2026,Oeste 1,Água Legal,Cerejas,Sidney,Tv. Haitiana / Rua Dezesseis,✅ Ramais água,Execução de ramais de água,ramal_agua,servico,1,un,,,,,mensagem_web_20260316_093444.txt,✅ Ramais água: 1,10/03/2026,Jandira,Cerejas,Barueri,Cerejas,Jandira,cadastrado,,,,,,
I0005,F003,10/03/2026,Oeste 1,Água Legal,Cerejas,Reggis,Tv. do Alemão / Tv. do Bala / Tv. da Bete,✅ Intradomiciliares,Ligações intradomiciliares,intradomiciliar,servico,4,un,,,,,mensagem_web_20260316_093444.txt,✅ Intradomiciliares: 4,10/03/2026,Jandira,Cerejas,Barueri,Cerejas,Jandira,cadastrado,,,,,,
I0006,F003,10/03/2026,Oeste 1,Água Legal,Cerejas,Reggis,Tv. do Alemão / Tv. do Bala / Tv. da Bete,✅ Hidrômetros instalados,Instalação de hidrômetros,hidrometro,servico,4,un,,,,,mensagem_web_20260316_093444.txt,✅ Hidrômetros instalados: 4,10/03/2026,Jandira,Cerejas,Barueri,Cerejas,Jandira,cadastrado,,,,,,
I0007,F004,10/03/2026,Oeste 1,Água Legal,Cerejas,Amadeu,Travessa Haitiana / Rua Dezesseis,✅ Caixas UMA instaladas,Instalação de caixas UMA,caixa_uma,servico,2,un,,,,,mensagem_web_20260316_093444.txt,✅ Caixas UMA instaladas: 2,10/03/2026,Jandira,Cerejas,Barueri,Cerejas,Jandira,cadastrado,,,,,,
I0001,F001,10/03/2026,Oeste 1,Água Legal,Mississipi,Weslyn,Viela 3 / Viela 4 / Viela 5,✅ Ramais água,Execução de ramais de água,ramal_agua,servico,4,un,,,,,mensagem_web_20260316_110742.txt,✅ Ramais água: 4,10/03/2026,Barueri,Mississipi,Barueri,Mississipi,Barueri,cadastrado,,,,,,
I0002,F001,10/03/2026,Oeste 1,Água Legal,Mississipi,Weslyn,Viela 3 / Viela 4 / Viela 5,✅ Prolongamento rede água,Prolongamento de rede de água,rede_agua,servico,22,m,PEAD,,,,mensagem_web_20260316_110742.txt,✅ Prolongamento rede água (PEAD Ø32): 22 m,10/03/2026,Barueri,Mississipi,Barueri,Mississipi,Barueri,cadastrado,,,,,,
I0003,F001,10/03/2026,Oeste 1,Água Legal,Mississipi,Weslyn,Viela 3 / Viela 4 / Viela 5,✅ Prolongamento rede água,Prolongamento de rede de água,rede_agua,servico,40,m,PEAD,,,,mensagem_web_20260316_110742.txt,✅ Prolongamento rede água (PEAD Ø63): 40 m,10/03/2026,Barueri,Mississipi,Barueri,Mississipi,Barueri,cadastrado,,,,,,
I0004,F002,10/03/2026,Oeste 1,Água Legal,Cerejas,Sidney,Tv. Haitiana / Rua Dezesseis / Tv. do Alemão / Tv. do Bala / Tv. da Bete / Travessa Haitiana,✅ Ramais água,Execução de ramais de água,ramal_agua,servico,1,un,,,,,mensagem_web_20260316_110742.txt,✅ Ramais água: 1,10/03/2026,Jandira,Cerejas,Jandira,Cerejas,Jandira,cadastrado,,,,,,
I0005,F003,10/03/2026,Oeste 1,Água Legal,Cerejas,Sidney,Tv. Haitiana / Rua Dezesseis / Tv. do Alemão / Tv. do Bala / Tv. da Bete / Travessa Haitiana,✅ Intradomiciliares,Ligações intradomiciliares,intradomiciliar,servico,4,un,,,,,mensagem_web_20260316_110742.txt,✅ Intradomiciliares: 4,10/03/2026,Jandira,Cerejas,Jandira,Cerejas,Jandira,cadastrado,,,,,,
I0006,F003,10/03/2026,Oeste 1,Água Legal,Cerejas,Sidney,Tv. Haitiana / Rua Dezesseis / Tv. do Alemão / Tv. do Bala / Tv. da Bete / Travessa Haitiana,✅ Hidrômetros instalados,Instalação de hidrômetros,hidrometro,servico,4,un,,,,,mensagem_web_20260316_110742.txt,✅ Hidrômetros instalados: 4,10/03/2026,Jandira,Cerejas,Jandira,Cerejas,Jandira,cadastrado,,,,,,
I0007,F004,10/03/2026,Oeste 1,Água Legal,Cerejas,Sidney,Tv. Haitiana / Rua Dezesseis / Tv. do Alemão / Tv. do Bala / Tv. da Bete / Travessa Haitiana,✅ Caixas UMA instaladas,Instalação de caixas UMA,caixa_uma,servico,2,un,,,,,mensagem_web_20260316_110742.txt,✅ Caixas UMA instaladas: 2,10/03/2026,Jandira,Cerejas,Jandira,Cerejas,Jandira,cadastrado,,,,,,
I0001,F001,10/03/2026,Oeste 1,Água Legal,Mississipi,Weslyn,Viela 3 / Viela 4 / Viela 5,✅ Ramais água,Execução de ramais de água,ramal_agua,servico,4,un,,,,,mensagem_web_20260316_113210.txt,✅ Ramais água: 4,10/03/2026,Barueri,Mississipi,Barueri,Mississipi,Barueri,cadastrado,,,,,,
I0002,F001,10/03/2026,Oeste 1,Água Legal,Mississipi,Weslyn,Viela 3 / Viela 4 / Viela 5,✅ Prolongamento rede água,Prolongamento de rede de água,rede_agua,servico,22,m,PEAD,,,,mensagem_web_20260316_113210.txt,✅ Prolongamento rede água (PEAD Ø32): 22 m,10/03/2026,Barueri,Mississipi,Barueri,Mississipi,Barueri,cadastrado,,,,,,
I0003,F001,10/03/2026,Oeste 1,Água Legal,Mississipi,Weslyn,Viela 3 / Viela 4 / Viela 5,✅ Prolongamento rede água,Prolongamento de rede de água,rede_agua,servico,40,m,PEAD,,,,mensagem_web_20260316_113210.txt,✅ Prolongamento rede água (PEAD Ø63): 40 m,10/03/2026,Barueri,Mississipi,Barueri,Mississipi,Barueri,cadastrado,,,,,,
I0004,F002,10/03/2026,Oeste 1,Água Legal,Cerejas,Sidney,Tv. Haitiana / Rua Dezesseis / Tv. do Alemão / Tv. do Bala / Tv. da Bete / Travessa Haitiana,✅ Ramais água,Execução de ramais de água,ramal_agua,servico,1,un,,,,,mensagem_web_20260316_113210.txt,✅ Ramais água: 1,10/03/2026,Jandira,Cerejas,Jandira,Cerejas,Jandira,cadastrado,,,,,,
I0005,F003,10/03/2026,Oeste 1,Água Legal,Cerejas,Sidney,Tv. Haitiana / Rua Dezesseis / Tv. do Alemão / Tv. do Bala / Tv. da Bete / Travessa Haitiana,✅ Intradomiciliares,Ligações intradomiciliares,intradomiciliar,servico,4,un,,,,,mensagem_web_20260316_113210.txt,✅ Intradomiciliares: 4,10/03/2026,Jandira,Cerejas,Jandira,Cerejas,Jandira,cadastrado,,,,,,
I0006,F003,10/03/2026,Oeste 1,Água Legal,Cerejas,Sidney,Tv. Haitiana / Rua Dezesseis / Tv. do Alemão / Tv. do Bala / Tv. da Bete / Travessa Haitiana,✅ Hidrômetros instalados,Instalação de hidrômetros,hidrometro,servico,4,un,,,,,mensagem_web_20260316_113210.txt,✅ Hidrômetros instalados: 4,10/03/2026,Jandira,Cerejas,Jandira,Cerejas,Jandira,cadastrado,,,,,,
I0007,F004,10/03/2026,Oeste 1,Água Legal,Cerejas,Sidney,Tv. Haitiana / Rua Dezesseis / Tv. do Alemão / Tv. do Bala / Tv. da Bete / Travessa Haitiana,✅ Caixas UMA instaladas,Instalação de caixas UMA,caixa_uma,servico,2,un,,,,,mensagem_web_20260316_113210.txt,✅ Caixas UMA instaladas: 2,10/03/2026,Jandira,Cerejas,Jandira,Cerejas,Jandira,cadastrado,,,,,,
I0001,F001,10/03/2026,Oeste 1,Água Legal,Mississipi,Weslyn,Viela 3 / Viela 4 / Viela 5,✅ Ramais água,Execução de ramais de água,ramal_agua,servico,4,un,,,,,mensagem_web_20260316_131741.txt,✅ Ramais água: 4,10/03/2026,Barueri,Mississipi,Barueri,Mississipi,Barueri,cadastrado,,,,,,
I0002,F001,10/03/2026,Oeste 1,Água Legal,Mississipi,Weslyn,Viela 3 / Viela 4 / Viela 5,✅ Prolongamento rede água,Prolongamento de rede de água,rede_agua,servico,22,m,PEAD,,,,mensagem_web_20260316_131741.txt,✅ Prolongamento rede água (PEAD Ø32): 22 m,10/03/2026,Barueri,Mississipi,Barueri,Mississipi,Barueri,cadastrado,,,,,,
I0003,F001,10/03/2026,Oeste 1,Água Legal,Mississipi,Weslyn,Viela 3 / Viela 4 / Viela 5,✅ Prolongamento rede água,Prolongamento de rede de água,rede_agua,servico,40,m,PEAD,,,,mensagem_web_20260316_131741.txt,✅ Prolongamento rede água (PEAD Ø63): 40 m,10/03/2026,Barueri,Mississipi,Barueri,Mississipi,Barueri,cadastrado,,,,,,
I0004,F002,10/03/2026,Oeste 1,Água Legal,Cerejas,Sidney,Tv. Haitiana / Rua Dezesseis / Tv. do Alemão / Tv. do Bala / Tv. da Bete / Travessa Haitiana,✅ Ramais água,Execução de ramais de água,ramal_agua,servico,1,un,,,,,mensagem_web_20260316_131741.txt,✅ Ramais água: 1,10/03/2026,Jandira,Cerejas,Jandira,Cerejas,Jandira,cadastrado,,,,,,
I0005,F003,10/03/2026,Oeste 1,Água Legal,Cerejas,Sidney,Tv. Haitiana / Rua Dezesseis / Tv. do Alemão / Tv. do Bala / Tv. da Bete / Travessa Haitiana,✅ Intradomiciliares,Ligações intradomiciliares,intradomiciliar,servico,4,un,,,,,mensagem_web_20260316_131741.txt,✅ Intradomiciliares: 4,10/03/2026,Jandira,Cerejas,Jandira,Cerejas,Jandira,cadastrado,,,,,,
I0006,F003,10/03/2026,Oeste 1,Água Legal,Cerejas,Sidney,Tv. Haitiana / Rua Dezesseis / Tv. do Alemão / Tv. do Bala / Tv. da Bete / Travessa Haitiana,✅ Hidrômetros instalados,Instalação de hidrômetros,hidrometro,servico,4,un,,,,,mensagem_web_20260316_131741.txt,✅ Hidrômetros instalados: 4,10/03/2026,Jandira,Cerejas,Jandira,Cerejas,Jandira,cadastrado,,,,,,
I0007,F004,10/03/2026,Oeste 1,Água Legal,Cerejas,Sidney,Tv. Haitiana / Rua Dezesseis / Tv. do Alemão / Tv. do Bala / Tv. da Bete / Travessa Haitiana,✅ Caixas UMA instaladas,Instalação de caixas UMA,caixa_uma,servico,2,un,,,,,mensagem_web_20260316_131741.txt,✅ Caixas UMA instaladas: 2,10/03/2026,Jandira,Cerejas,Jandira,Cerejas,Jandira,cadastrado,,,,,,
I0001,F001,11/03/2026,Oeste 1,Água Legal,Mississipi,Xavier,Viela Quatro,✅ Prolongamento rede água,Prolongamento de rede de água,rede_agua,servico,17,m,PEAD,,,,mensagem_web_20260316_132655.txt,✅ Prolongamento rede água (PEAD Ø63): 17 m,11/03/2026,Barueri,Mississipi,Barueri,Mississipi,Barueri,cadastrado,,,,,,
I0002,F002,11/03/2026,Oeste 1,Água Legal,Cerejas,Sidney,Rua Dezesseis / Tv. Haitiana / Travessa da Bete / Travessa Haitiana,✅ Ramais água,Execução de ramais de água,ramal_agua,servico,2,un,,,,,mensagem_web_20260316_132655.txt,✅ Ramais água: 2,11/03/2026,Jandira,Cerejas,Jandira,Cerejas,Jandira,cadastrado,,,,,,
I0003,F002,11/03/2026,Oeste 1,Água Legal,Cerejas,Sidney,Rua Dezesseis / Tv. Haitiana / Travessa da Bete / Travessa Haitiana,✅ Caixas UMA instaladas,Instalação de caixas UMA,caixa_uma,servico,1,un,,,,,mensagem_web_20260316_132655.txt,✅ Caixas UMA instaladas: 1,11/03/2026,Jandira,Cerejas,Jandira,Cerejas,Jandira,cadastrado,,,,,,
I0004,F003,11/03/2026,Oeste 1,Água Legal,Cerejas,Sidney,Rua Dezesseis / Tv. Haitiana / Travessa da Bete / Travessa Haitiana,✅ Intradomiciliares,Ligações intradomiciliares,intradomiciliar,servico,8,un,,,,,mensagem_web_20260316_132655.txt,✅ Intradomiciliares: 8,11/03/2026,Jandira,Cerejas,Jandira,Cerejas,Jandira,cadastrado,,,,,,
I0005,F003,11/03/2026,Oeste 1,Água Legal,Cerejas,Sidney,Rua Dezesseis / Tv. Haitiana / Travessa da Bete / Travessa Haitiana,✅ Hidrômetros instalados,Instalação de hidrômetros,hidrometro,servico,8,un,,,,,mensagem_web_20260316_132655.txt,✅ Hidrômetros instalados: 8,11/03/2026,Jandira,Cerejas,Jandira,Cerejas,Jandira,cadastrado,,,,,,
I0006,F004,11/03/2026,Oeste 1,Água Legal,Cerejas,Sidney,Rua Dezesseis / Tv. Haitiana / Travessa da Bete / Travessa Haitiana,✅ Caixas UMA instaladas,Instalação de caixas UMA,caixa_uma,servico,2,un,,,,,mensagem_web_20260316_132655.txt,✅ Caixas UMA instaladas: 2,11/03/2026,Jandira,Cerejas,Jandira,Cerejas,Jandira,cadastrado,,,,,,
I0007,F005,11/03/2026,Oeste 1,Água Legal,Lucrécia Borges,Gedeon,Rua Lucrécia Borges,✅ Caixas UMA instaladas,Instalação de caixas UMA,caixa_uma,servico,8,un,,,,,mensagem_web_20260316_132655.txt,✅ Caixas UMA instaladas: 8,11/03/2026,Barueri,Lucrécia Borges,Barueri,,,nao_cadastrado,,,,,,
I0001,F001,12/03/2026,Oeste 1,Água Legal,Mississipi,Carlos,Viela Seis / Viela Quatro / Viela 4 / Viela 1 / Viela B,✅ Retirada de Big Bag,Retirada de Big Bag,apoio_operacional,apoio_operacional,1,servico,,,,,mensagem_web_20260316_132823.txt,✅ Retirada de Big Bag,12/03/2026,Barueri,Mississipi,Barueri,Mississipi,Barueri,cadastrado,,,,,,
I0002,F003,12/03/2026,Oeste 1,Água Legal,Mississipi,Carlos,Viela Seis / Viela Quatro / Viela 4 / Viela 1 / Viela B,✅ Ramais água,Execução de ramais de água,ramal_agua,servico,7,un,,,,,mensagem_web_20260316_132823.txt,✅ Ramais água: 7,12/03/2026,Barueri,Mississipi,Barueri,Mississipi,Barueri,cadastrado,,,,,,
I0003,F004,12/03/2026,Oeste 1,Água Legal,Cerejas,Reggis,Rua Dezesseis,✅ Intradomiciliares,Ligações intradomiciliares,intradomiciliar,servico,6,un,,,,,mensagem_web_20260316_132823.txt,✅ Intradomiciliares: 6,12/03/2026,Jandira,Cerejas,Jandira,Cerejas,Jandira,cadastrado,,,,,,
I0004,F004,12/03/2026,Oeste 1,Água Legal,Cerejas,Reggis,Rua Dezesseis,✅ Hidrômetros instalados,Instalação de hidrômetros,hidrometro,servico,6,un,,,,,mensagem_web_20260316_132823.txt,✅ Hidrômetros instalados: 6,12/03/2026,Jandira,Cerejas,Jandira,Cerejas,Jandira,cadastrado,,,,,,
I0001,F001,13/03/2026,Oeste 1,Água Legal,Savoy,Sidney,Rua General Carneiro,✅ Hidrômetros instalados,Instalação de hidrômetros,hidrometro,servico,3,un,,,,,mensagem_web_20260316_132916.txt,✅ Hidrômetros instalados: 3,13/03/2026,Carapicuíba,Savoy,Carapicuíba,Savoy,Carapicuíba,cadastrado,,,,,,sim
I0002,F001,13/03/2026,Oeste 1,Água Legal,Savoy,Sidney,Rua General Carneiro,✅ Intradomiciliares,Ligações intradomiciliares,intradomiciliar,servico,2,un,,,,,mensagem_web_20260316_132916.txt,✅ Intradomiciliares: 2,13/03/2026,Carapicuíba,Savoy,Carapicuíba,Savoy,Carapicuíba,cadastrado,,,,,,sim
I0003,F001,13/03/2026,Oeste 1,Água Legal,Savoy,Sidney,Rua General Carneiro,✅ Caixas UMA instaladas,Instalação de caixas UMA,caixa_uma,servico,1,un,,,,,mensagem_web_20260316_132916.txt,✅ Caixas UMA instaladas: 1,13/03/2026,Carapicuíba,Savoy,Carapicuíba,Savoy,Carapicuíba,cadastrado,,,,,,sim
I0004,F002,13/03/2026,Oeste 1,Água Legal,Mississipi,Xavier,Viela Quatro / Viela Dois,✅ Prolongamento rede água,Prolongamento de rede de água,rede_agua,servico,12,m,PEAD,,,,mensagem_web_20260316_132916.txt,✅ Prolongamento rede água (PEAD Ø63): 12 m,13/03/2026,Barueri,Missisipi,Barueri,Mississipi,Barueri,cadastrado,,,,,,
I0005,F002,13/03/2026,Oeste 1,Água Legal,Mississipi,Xavier,Viela Quatro / Viela Dois,✅ Interligação de rede,Execução de interligação de rede de água,interligacao,servico,1,servico,,,1 (Viela Dois x Viela Cinco),,mensagem_web_20260316_132916.txt,✅ Interligação de rede: 1 (Viela Dois x Viela Cinco),13/03/2026,Barueri,Missisipi,Barueri,Mississipi,Barueri,cadastrado,,,,,,
I0006,F003,13/03/2026,Oeste 1,Água Legal,Mississipi,Carlos,Viela Cinco / Viela 3,✅ Prolongamento rede água,Prolongamento de rede de água,rede_agua,servico,23,m,PEAD,,,,mensagem_web_20260316_132916.txt,✅ Prolongamento rede água (PEAD Ø63): 23 m,13/03/2026,Barueri,Mississipi,Barueri,Mississipi,Barueri,cadastrado,,,,,,
I0007,F003,13/03/2026,Oeste 1,Água Legal,Mississipi,Carlos,Viela Cinco / Viela 3,✅ Interligações de rede,Execucao de interligacao de rede,interligacao,servico,2,un,,,,,mensagem_web_20260316_132916.txt,✅ Interligações de rede: 2,13/03/2026,Barueri,Mississipi,Barueri,Mississipi,Barueri,cadastrado,,,,,,
I0008,F004,13/03/2026,Oeste 1,Água Legal,Mississipi,Carlos,Viela Cinco / Viela 3,✅ Prolongamento rede água,Prolongamento de rede de água,rede_agua,servico,42,m,PEAD,,,,mensagem_web_20260316_132916.txt,✅ Prolongamento rede água (PEAD Ø32): 42 m,13/03/2026,Barueri,Mississipi,Barueri,Mississipi,Barueri,cadastrado,,,,,,
I0001,F001,14/03/2026,Oeste 1,Água Legal,Mississipi,Xavier,Viela Um / Viela Três,✅ Prolongamento rede água,Prolongamento de rede de água,rede_agua,servico,18,m,PEAD,,,,mensagem_web_20260316_133038.txt,✅ Prolongamento rede água (PEAD Ø63): 18 m,14/03/2026,Barueri,Mississipi,Barueri,Mississipi,Barueri,cadastrado,,,,,,
I0002,F001,14/03/2026,Oeste 1,Água Legal,Mississipi,Xavier,Viela Um / Viela Três,✅ Interligação de rede,Execução de interligação de rede de água,interligacao,servico,1,servico,,,1 (Viela Um x Viela Três),,mensagem_web_20260316_133038.txt,✅ Interligação de rede: 1 (Viela Um x Viela Três),14/03/2026,Barueri,Mississipi,Barueri,Mississipi,Barueri,cadastrado,,,,,,
I0003,F002,14/03/2026,Oeste 1,Água Legal,Mississipi,Xavier,Viela Um / Viela Três,✅ Prolongamento rede água,Prolongamento de rede de água,rede_agua,servico,65,m,PEAD,,,,mensagem_web_20260316_133038.txt,✅ Prolongamento rede água (PEAD Ø32): 65 m,14/03/2026,Barueri,Mississipi,Barueri,Mississipi,Barueri,cadastrado,,,,,,
I0004,F002,14/03/2026,Oeste 1,Água Legal,Mississipi,Xavier,Viela Um / Viela Três,✅ Interligação de rede,Execução de interligação de rede de água,interligacao,servico,1,un,,,,,mensagem_web_20260316_133038.txt,✅ Interligação de rede: 1,14/03/2026,Barueri,Mississipi,Barueri,Mississipi,Barueri,cadastrado,,,,,,
I0005,F003,14/03/2026,Oeste 1,Água Legal,Savoy,Sidney,Rua General Carneiro,✅ Intradomiciliares,Ligações intradomiciliares,intradomiciliar,servico,5,un,,,,,mensagem_web_20260316_133038.txt,✅ Intradomiciliares: 5,14/03/2026,Carapicuíba,Savoy,Carapicuíba,Savoy,Carapicuíba,cadastrado,,,,,,sim
I0006,F003,14/03/2026,Oeste 1,Água Legal,Savoy,Sidney,Rua General Carneiro,✅ Hidrômetros instalados,Instalação de hidrômetros,hidrometro,servico,5,un,,,,,mensagem_web_20260316_133038.txt,✅ Hidrômetros instalados: 5,14/03/2026,Carapicuíba,Savoy,Carapicuíba,Savoy,Carapicuíba,cadastrado,,,,,,sim
I0001,F001,14/03/2026,Oeste 1,Água Legal,Mississipi,Xavier,Viela Um / Viela Três,✅ Prolongamento rede água,Prolongamento de rede de água,rede_agua,servico,18,m,PEAD,,,,mensagem_web_20260316_142052.txt,✅ Prolongamento rede água (PEAD Ø63): 18 m,14/03/2026,Barueri,Mississipi,Barueri,Mississipi,Barueri,cadastrado,,,,,,
I0002,F001,14/03/2026,Oeste 1,Água Legal,Mississipi,Xavier,Viela Um / Viela Três,✅ Interligação de rede,Execução de interligação de rede de água,interligacao,servico,1,servico,,,1 (Viela Um x Viela Três),,mensagem_web_20260316_142052.txt,✅ Interligação de rede: 1 (Viela Um x Viela Três),14/03/2026,Barueri,Mississipi,Barueri,Mississipi,Barueri,cadastrado,,,,,,
I0003,F002,14/03/2026,Oeste 1,Água Legal,Mississipi,Xavier,Viela Um / Viela Três,✅ Prolongamento rede água,Prolongamento de rede de água,rede_agua,servico,65,m,PEAD,,,,mensagem_web_20260316_142052.txt,✅ Prolongamento rede água (PEAD Ø32): 65 m,14/03/2026,Barueri,Mississipi,Barueri,Mississipi,Barueri,cadastrado,,,,,,
I0004,F002,14/03/2026,Oeste 1,Água Legal,Mississipi,Xavier,Viela Um / Viela Três,✅ Interligação de rede,Execução de interligação de rede de água,interligacao,servico,1,un,,,,,mensagem_web_20260316_142052.txt,✅ Interligação de rede: 1,14/03/2026,Barueri,Mississipi,Barueri,Mississipi,Barueri,cadastrado,,,,,,
I0005,F003,14/03/2026,Oeste 1,Água Legal,Savoy,Sidney,Rua General Carneiro,✅ Intradomiciliares,Ligações intradomiciliares,intradomiciliar,servico,5,un,,,,,mensagem_web_20260316_142052.txt,✅ Intradomiciliares: 5,14/03/2026,Carapicuíba,Savoy,Carapicuíba,Savoy,Carapicuíba,cadastrado,,,,,,sim
I0006,F003,14/03/2026,Oeste 1,Água Legal,Savoy,Sidney,Rua General Carneiro,✅ Hidrômetros instalados,Instalação de hidrômetros,hidrometro,servico,5,un,,,,,mensagem_web_20260316_142052.txt,✅ Hidrômetros instalados: 5,14/03/2026,Carapicuíba,Savoy,Carapicuíba,Savoy,Carapicuíba,cadastrado,,,,,,sim
I0001,F001,11/03/2026,Oeste 1,Agua Legal,Mississipi,Equipe 03,Viela 04,hidrometro,hidrometro,hidrometro,servico,1,un,,,,,mensagem_web_20260316_212630.txt,- 1 un hidrometro,11/03/2026,Barueri,Mississipi,Barueri,Mississipi,Barueri,cadastrado,hidrometro,hidrometro,hidrometro,hidrometro,alias_exato,
I0001,F001,11/03/2026,Oeste 1,Agua Legal,Núcleo Teste Novo,Equipe 09,Viela 99,hidrometro,hidrometro,hidrometro,servico,2,un,,,,,mensagem_web_20260316_223048.txt,- 2 un hidrometro,11/03/2026,Barueri,Núcleo Teste Novo,Barueri,,,nao_cadastrado,hidrometro,hidrometro,hidrometro,hidrometro,alias_exato,
I0001,F001,14/03/2026,Oeste 1,Água Legal,Mississipi,Xavier,Viela Um / Viela Três,✅ Prolongamento rede água,Prolongamento de rede de água,rede_agua,servico,18,m,PEAD,,,,mensagem_web_20260317_193737.txt,✅ Prolongamento rede água (PEAD Ø63): 18 m,14/03/2026,Barueri,Mississipi,Barueri,Mississipi,Barueri,cadastrado,,,,,,
I0002,F001,14/03/2026,Oeste 1,Água Legal,Mississipi,Xavier,Viela Um / Viela Três,✅ Interligação de rede,Execução de interligação de rede de água,interligacao,servico,1,servico,,,1 (Viela Um x Viela Três),,mensagem_web_20260317_193737.txt,✅ Interligação de rede: 1 (Viela Um x Viela Três),14/03/2026,Barueri,Mississipi,Barueri,Mississipi,Barueri,cadastrado,,,,,,
I0003,F002,14/03/2026,Oeste 1,Água Legal,Mississipi,Xavier,Viela Um / Viela Três,✅ Prolongamento rede água,Prolongamento de rede de água,rede_agua,servico,65,m,PEAD,,,,mensagem_web_20260317_193737.txt,✅ Prolongamento rede água (PEAD Ø32): 65 m,14/03/2026,Barueri,Mississipi,Barueri,Mississipi,Barueri,cadastrado,,,,,,
I0004,F002,14/03/2026,Oeste 1,Água Legal,Mississipi,Xavier,Viela Um / Viela Três,✅ Interligação de rede,Execução de interligação de rede de água,interligacao,servico,1,un,,,,,mensagem_web_20260317_193737.txt,✅ Interligação de rede: 1,14/03/2026,Barueri,Mississipi,Barueri,Mississipi,Barueri,cadastrado,,,,,,
I0005,F003,14/03/2026,Oeste 1,Água Legal,Savoy,Sidney,Rua General Carneiro,✅ Intradomiciliares,Ligações intradomiciliares,intradomiciliar,servico,5,un,,,,,mensagem_web_20260317_193737.txt,✅ Intradomiciliares: 5,14/03/2026,Carapicuíba,Savoy,Barueri,Savoy,Carapicuíba,cadastrado,,,,,,sim
I0006,F003,14/03/2026,Oeste 1,Água Legal,Savoy,Sidney,Rua General Carneiro,✅ Hidrômetros instalados,Instalação de hidrômetros,hidrometro,servico,5,un,,,,,mensagem_web_20260317_193737.txt,✅ Hidrômetros instalados: 5,14/03/2026,Carapicuíba,Savoy,Barueri,Savoy,Carapicuíba,cadastrado,,,,,,sim
I0001,F001,12/03/2026,Oeste 1,Água Legal,Mississipi,Carlos,Viela Seis / Viela Quatro / Viela 4 / Viela 1 / Viela B,✅ Retirada de Big Bag,Retirada de Big Bag,apoio_operacional,apoio_operacional,1,servico,,,,,mensagem_web_20260318_132220.txt,✅ Retirada de Big Bag,12/03/2026,Barueri,Mississipi,Barueri,Mississipi,Barueri,cadastrado,,,,,,
I0002,F003,12/03/2026,Oeste 1,Água Legal,Mississipi,Carlos,Viela Seis / Viela Quatro / Viela 4 / Viela 1 / Viela B,✅ Ramais água,Execução de ramais de água,ramal_agua,servico,7,un,,,,,mensagem_web_20260318_132220.txt,✅ Ramais água: 7,12/03/2026,Barueri,Mississipi,Barueri,Mississipi,Barueri,cadastrado,,,,,,
I0003,F004,12/03/2026,Oeste 1,Água Legal,Cerejas,Reggis,Rua Dezesseis,✅ Intradomiciliares,Ligações intradomiciliares,intradomiciliar,servico,6,un,,,,,mensagem_web_20260318_132220.txt,✅ Intradomiciliares: 6,12/03/2026,Jandira,Cerejas,Jandira,Cerejas,Jandira,cadastrado,,,,,,
I0004,F004,12/03/2026,Oeste 1,Água Legal,Cerejas,Reggis,Rua Dezesseis,✅ Hidrômetros instalados,Instalação de hidrômetros,hidrometro,servico,6,un,,,,,mensagem_web_20260318_132220.txt,✅ Hidrômetros instalados: 6,12/03/2026,Jandira,Cerejas,Jandira,Cerejas,Jandira,cadastrado,,,,,,
I0001,F001,13/03/2026,Oeste 1,Água Legal,Savoy,Sidney,Rua General Carneiro,✅ Hidrômetros instalados,Instalação de hidrômetros,hidrometro,servico,3,un,,,,,mensagem_web_20260318_134847.txt,✅ Hidrômetros instalados: 3,13/03/2026,Carapicuíba,Savoy,Carapicuiba,Savoy,Carapicuíba,cadastrado,,,,,,sim
I0002,F001,13/03/2026,Oeste 1,Água Legal,Savoy,Sidney,Rua General Carneiro,✅ Intradomiciliares,Ligações intradomiciliares,intradomiciliar,servico,2,un,,,,,mensagem_web_20260318_134847.txt,✅ Intradomiciliares: 2,13/03/2026,Carapicuíba,Savoy,Carapicuiba,Savoy,Carapicuíba,cadastrado,,,,,,sim
I0003,F001,13/03/2026,Oeste 1,Água Legal,Savoy,Sidney,Rua General Carneiro,✅ Caixas UMA instaladas,Instalação de caixas UMA,caixa_uma,servico,1,un,,,,,mensagem_web_20260318_134847.txt,✅ Caixas UMA instaladas: 1,13/03/2026,Carapicuíba,Savoy,Carapicuiba,Savoy,Carapicuíba,cadastrado,,,,,,sim
I0004,F002,13/03/2026,Oeste 1,Água Legal,Mississipi,Xavier,Viela Quatro / Viela Dois / Viela Cinco / Viela 3,✅ Prolongamento rede água,Prolongamento de rede de água,rede_agua,servico,12,m,PEAD,,,,mensagem_web_20260318_134847.txt,✅ Prolongamento rede água (PEAD Ø63): 12 m,13/03/2026,Barueri,Missisipi,Barueri,Mississipi,Barueri,cadastrado,,,,,,
I0005,F002,13/03/2026,Oeste 1,Água Legal,Mississipi,Xavier,Viela Quatro / Viela Dois / Viela Cinco / Viela 3,✅ Interligação de rede,Execução de interligação de rede de água,interligacao,servico,1,servico,,,1 (Viela Dois x Viela Cinco),,mensagem_web_20260318_134847.txt,✅ Interligação de rede: 1 (Viela Dois x Viela Cinco),13/03/2026,Barueri,Missisipi,Barueri,Mississipi,Barueri,cadastrado,,,,,,
I0006,F003,13/03/2026,Oeste 1,Água Legal,Mississipi,Xavier,Viela Quatro / Viela Dois / Viela Cinco / Viela 3,✅ Prolongamento rede água,Prolongamento de rede de água,rede_agua,servico,23,m,PEAD,,,,mensagem_web_20260318_134847.txt,✅ Prolongamento rede água (PEAD Ø63): 23 m,13/03/2026,Barueri,Mississipi,Barueri,Mississipi,Barueri,cadastrado,,,,,,
I0007,F003,13/03/2026,Oeste 1,Água Legal,Mississipi,Xavier,Viela Quatro / Viela Dois / Viela Cinco / Viela 3,✅ Interligações de rede,Execucao de interligacao de rede,interligacao,servico,2,un,,,,,mensagem_web_20260318_134847.txt,✅ Interligações de rede: 2,13/03/2026,Barueri,Mississipi,Barueri,Mississipi,Barueri,cadastrado,,,,,,
I0008,F004,13/03/2026,Oeste 1,Água Legal,Mississipi,Xavier,Viela Quatro / Viela Dois / Viela Cinco / Viela 3,✅ Prolongamento rede água,Prolongamento de rede de água,rede_agua,servico,42,m,PEAD,,,,mensagem_web_20260318_134847.txt,✅ Prolongamento rede água (PEAD Ø32): 42 m,13/03/2026,Barueri,Mississipi,Barueri,Mississipi,Barueri,cadastrado,,,,,,
I0001,F001,13/03/2026,Oeste 1,Água Legal,Savoy,Sidney,Rua General Carneiro,✅ Hidrômetros instalados,Instalação de hidrômetros,hidrometro,servico,3,un,,,,,mensagem_web_20260318_135015.txt,✅ Hidrômetros instalados: 3,13/03/2026,Carapicuíba,Savoy,Carapicuíba,Savoy,Carapicuíba,cadastrado,,,,,,
I0002,F001,13/03/2026,Oeste 1,Água Legal,Savoy,Sidney,Rua General Carneiro,✅ Intradomiciliares,Ligações intradomiciliares,intradomiciliar,servico,2,un,,,,,mensagem_web_20260318_135015.txt,✅ Intradomiciliares: 2,13/03/2026,Carapicuíba,Savoy,Carapicuíba,Savoy,Carapicuíba,cadastrado,,,,,,
I0003,F001,13/03/2026,Oeste 1,Água Legal,Savoy,Sidney,Rua General Carneiro,✅ Caixas UMA instaladas,Instalação de caixas UMA,caixa_uma,servico,1,un,,,,,mensagem_web_20260318_135015.txt,✅ Caixas UMA instaladas: 1,13/03/2026,Carapicuíba,Savoy,Carapicuíba,Savoy,Carapicuíba,cadastrado,,,,,,
I0004,F002,13/03/2026,Oeste 1,Água Legal,Mississipi,Xavier,Viela Quatro / Viela Dois / Viela Cinco / Viela 3,✅ Prolongamento rede água,Prolongamento de rede de água,rede_agua,servico,12,m,PEAD,,,,mensagem_web_20260318_135015.txt,✅ Prolongamento rede água (PEAD Ø63): 12 m,13/03/2026,Barueri,Missisipi,Barueri,Mississipi,Barueri,cadastrado,,,,,,
I0005,F002,13/03/2026,Oeste 1,Água Legal,Mississipi,Xavier,Viela Quatro / Viela Dois / Viela Cinco / Viela 3,✅ Interligação de rede,Execução de interligação de rede de água,interligacao,servico,1,servico,,,1 (Viela Dois x Viela Cinco),,mensagem_web_20260318_135015.txt,✅ Interligação de rede: 1 (Viela Dois x Viela Cinco),13/03/2026,Barueri,Missisipi,Barueri,Mississipi,Barueri,cadastrado,,,,,,
I0006,F003,13/03/2026,Oeste 1,Água Legal,Mississipi,Xavier,Viela Quatro / Viela Dois / Viela Cinco / Viela 3,✅ Prolongamento rede água,Prolongamento de rede de água,rede_agua,servico,23,m,PEAD,,,,mensagem_web_20260318_135015.txt,✅ Prolongamento rede água (PEAD Ø63): 23 m,13/03/2026,Barueri,Mississipi,Barueri,Mississipi,Barueri,cadastrado,,,,,,
I0007,F003,13/03/2026,Oeste 1,Água Legal,Mississipi,Xavier,Viela Quatro / Viela Dois / Viela Cinco / Viela 3,✅ Interligações de rede,Execucao de interligacao de rede,interligacao,servico,2,un,,,,,mensagem_web_20260318_135015.txt,✅ Interligações de rede: 2,13/03/2026,Barueri,Mississipi,Barueri,Mississipi,Barueri,cadastrado,,,,,,
I0008,F004,13/03/2026,Oeste 1,Água Legal,Mississipi,Xavier,Viela Quatro / Viela Dois / Viela Cinco / Viela 3,✅ Prolongamento rede água,Prolongamento de rede de água,rede_agua,servico,42,m,PEAD,,,,mensagem_web_20260318_135015.txt,✅ Prolongamento rede água (PEAD Ø32): 42 m,13/03/2026,Barueri,Mississipi,Barueri,Mississipi,Barueri,cadastrado,,,,,,
